id,symbol,name,description,asset_type,last_updated
27,BDEV.L,Barratt Developments plc,Bau und Bauwirtschaft,stock,\N
72,BLUE,bluebird bio; Inc.,Biotechnologie,stock,\N
75,MOR.DE,MorphoSys AG,Biotechnologie,stock,\N
10,BWA,BorgWarner Inc.,Automobilzulieferer - Antriebssysteme,stock,2025-12-19
11,BMED.MI,Brembo S.p.A.,Automobilzulieferer - Bremssysteme,stock,2025-12-19
12,FR.PA,Valeo SA,Automobilzulieferer - Fahrzeugtechnologie,stock,2025-12-19
13,BDT.DE,Bertrandt AG,Automobilzulieferer - Ingenieurdienstleistungen,stock,2025-12-19
14,GMM.DE,Grammer AG,Automobilzulieferer - Innenraumausstattung,stock,2025-12-19
15,BVI.PA,Burelle SA,Automobilzulieferer - Kunststoffteile,stock,2025-12-19
16,CON.DE,Continental AG,Automobilzulieferer - Reifen und Automobilteile,stock,2025-12-19
17,ALIV-SDB.ST,Autoliv; Inc.,Automobilzulieferer - Sicherheitssysteme,stock,2025-12-19
18,APTV,Aptiv PLC,Automobilzulieferer - Technologie,stock,2025-12-19
19,RDC.DE,Klöckner & Co SE,Basismetalle und Bergbau - Metall- und Bergbau,stock,2025-12-19
20,RER1.F,Eiffage S.A.,Bau - Bauwesen,stock,2025-12-19
21,PSN.L,Persimmon plc,Bau - Bauwesen,stock,2025-12-19
22,PWR,Quanta Services; Inc.,Bau - Bauwesen,stock,2025-12-19
23,SKBSY,Skanska AB,Bau - Bauwesen,stock,2025-12-19
24,SAX.DE,Strabag SE,Bau - Bauwesen,stock,2025-12-19
25,PHM,PulteGroup; Inc.,Bau - Wohnbau,stock,2025-12-19
26,AHT.L,Ashtead Group plc,Bau und Bauwirtschaft,stock,2025-12-19
28,4BV.F,Bauer AG,Bau und Bauwirtschaft,stock,2025-12-19
29,CTEC.L,Conteco Holding A/S,Bau und Bauwirtschaft,stock,2025-12-19
30,CRH.L,CRH plc,Bau und Bauwirtschaft,stock,2025-12-19
31,FER.MC,Ferrovial; S.A.,Bau und Bauwirtschaft - Bau und Betrieb von Infrastruktur,stock,2025-12-19
32,2FB.SG,Fortune Brands Home & Security; Inc.,Bau und Bauwirtschaft - Baustoffe und -ausrüstung,stock,2025-12-19
33,FLR,Fluor Corporation,Bau und Bauwirtschaft - Ingenieurdienstleistungen,stock,2025-12-19
34,ALLE,Allegion plc,Bau und Bauwirtschaft - Sicherheitstechnik,stock,2025-12-19
35,WIE.VI,Wienerberger AG,Baumaterialien - Ziegel und Keramik,stock,2025-12-19
36,CDI.PA,Cie de Saint-Gobain SA,Baustoffe - Baustoffe und Baumaterialien,stock,2025-12-19
1,ADM,Archer Daniels Midland Company,Agrar - Verarbeitung von Agrarprodukten,stock,2025-12-19
2,RNL1.F,Ronal AG,Automobile - Autoteile,stock,2025-12-19
3,RNO.PA,Renault S.A.,Automobile - Fahrzeughersteller,stock,2025-12-19
4,DTG.DE,Daimler Truck Holding AG,Automobilhersteller - Fahrzeuge,stock,2025-12-19
5,F,Ford Motor Company,Automobilhersteller - Fahrzeuge und Ersatzteile,stock,2025-12-19
6,RACE.MI,Ferrari N.V.,Automobilindustrie,stock,2025-12-19
7,PAH3.DE,Porsche Automobil Holding SE,Automobilindustrie,stock,2025-12-19
8,STLA,Stellantis N.V.,Automobilindustrie - Automobilhersteller,stock,2025-12-19
9,7EL.F,ElringKlinger AG,Automobilzulieferer,stock,2025-12-19
131,JWN,Nordstrom; Inc.,Einzelhandel - Bekleidung,stock,\N
136,SKX,Skechers U.S.A.; Inc.,Einzelhandel - Bekleidung,stock,\N
140,GPS,Gap Inc.,Einzelhandel - Bekleidung und Accessoires,stock,\N
145,WBA,Walgreens Boots Alliance; Inc.,Einzelhandel - Drogerien und Apotheken,stock,\N
93,SHW,Sherwin-Williams Company,Chemie - Farben und Beschichtungen,stock,2025-12-19
94,APD,Air Products and Chemicals; Inc.,Chemie - Industriegase,stock,2025-12-19
95,SHL.DE,A. Schulman; Inc. (jetzt Teil von LyondellBasell),Chemie - Kunststoffe,stock,2025-12-19
96,BRKM5.SA,Braskem S.A.,Chemie - Kunststoffe,stock,2025-12-19
97,1COV.DE,Covestro AG,Chemie - Kunststoffe,stock,2025-12-19
98,LYB,LyondellBasell Industries N.V.,Chemie - Kunststoffe,stock,2025-12-19
99,FMC,FMC Corporation,Chemie - Landwirtschaft und Industrielle Chemie,stock,2025-12-19
100,ALB,Albemarle Corporation,Chemie - Lithium und fortschrittliche Materialien,stock,2025-12-19
101,ECL,Ecolab Inc.,Chemie - Reinigungs- und Hygieneprodukte,stock,2025-12-19
102,FPE.DE,Fuchs Petrolub SE,Chemie - Schmierstoffe und Industriechemikalien,stock,2025-12-19
103,IFF,International Flavors & Fragrances Inc.,Chemie - Spezialchemikalien,stock,2025-12-19
104,JMAT.L,Johnson Matthey plc,Chemie - Spezialchemikalien,stock,2025-12-19
105,DSM,Koninklijke DSM N.V.,Chemie - Spezialchemikalien,stock,2025-12-19
106,LXS.DE,Lanxess AG,Chemie - Spezialchemikalien,stock,2025-12-19
107,PPG,PPG Industries; Inc.,Chemie - Spezialchemikalien,stock,2025-12-19
108,SYNT.L,Synthomer plc (vormals Synthomer LLC),Chemie - Spezialchemikalien,stock,2025-12-19
109,CTAS,Cintas Corporation,Dienstleistungen - Arbeitskleidung und -Dienstleistungen,stock,2025-12-19
110,CPRT,Copart; Inc.,Dienstleistungen - Autoverkauf und Recycling,stock,2025-12-19
111,CPG.L,Compass Group PLC,Dienstleistungen - Catering,stock,2025-12-19
112,AKSO.OL,Akastor ASA,Dienstleistungen - Öl- und Gasindustrie,stock,2025-12-19
114,BZUN,Baozun Inc.,E-Commerce - Dienstleistungen,stock,2025-12-19
83,AKZA.AS,Akzo Nobel N.V.,Chemie,stock,2025-12-19
84,AKE.PA,Arkema S.A.,Chemie,stock,2025-12-19
85,IMCD.AS,IMCD N.V.,Chemie - Chemiehandel,stock,2025-12-19
86,BAS.DE,BASF SE,Chemie - Chemikalien und Kunststoffe,stock,2025-12-19
87,CE,Celanese Corporation,Chemie - Chemikalien und Kunststoffe,stock,2025-12-19
88,DOW,Dow Inc.,Chemie - Chemikalien und Kunststoffe,stock,2025-12-19
89,BNR.DE,Brenntag AG,Chemie - Distribution von Chemikalien,stock,2025-12-19
90,CF,CF Industries Holdings; Inc.,Chemie - Düngemittel,stock,2025-12-19
91,MOS,Mosaic Company (The),Chemie - Düngemittel,stock,2025-12-19
92,NOA3.F,Nutrien Ltd.,Chemie - Düngemittel,stock,2025-12-19
174,FL,Foot Locker; Inc.,Einzelhandel - Schuhe und Sportbekleidung,stock,\N
178,VAR1.DE,Varta AG,Elektroindustrie - Elektrogeräte und Instrumente,stock,\N
232,PGS.OL,PGS ASA,Energie - Erdöl und Erdgas,stock,\N
180,LR.PA,Legrand S.A.,Elektronik - Elektrische Ausrüstung,stock,2025-12-19
181,DNQ.F,Datacolor AG,Elektronik - Farbmanagement,stock,2025-12-19
182,IXD1.DE,IXYS Corporation,Elektronik - Halbleiter,stock,2025-12-19
183,KLAC,KLA Corporation,Elektronik - Halbleiterausrüstung,stock,2025-12-19
184,LRCX,Lam Research Corporation,Elektronik - Halbleiterausrüstung,stock,2025-12-19
185,ASM.AS,ASM International NV,Elektronik - Halbleiterproduktionsausrüstung,stock,2025-12-19
186,ASMF.F,ASM Pacific Technology Ltd.,Elektronik - Halbleiterproduktionsausrüstung,stock,2025-12-19
187,7752.T,Canon Inc.,Elektronik - Kameras und Drucker,stock,2025-12-19
188,IPG,IPG Photonics Corporation,Elektronik - Lasertechnologie,stock,2025-12-19
189,ASML,ASML Holding N.V.,Elektronik - Lithographieausrüstung für Halbleiter,stock,2025-12-19
190,GRMN,Garmin Ltd.,Elektronik - Navigationstechnologie,stock,2025-12-19
191,AME,AMETEK; Inc.,Elektronik - Präzisionsinstrumente,stock,2025-12-19
192,APH,Amphenol Corporation,Elektronik - Verbindungstechnik,stock,2025-12-19
193,0669.HK,Techtronic Industries Co. Ltd.,Elektronik - Werkzeuge,stock,2025-12-19
194,ETN,Eaton Corporation plc,Elektrotechnik - Elektrische Systeme und Dienstleistungen,stock,2025-12-19
160,SON.LS,Sonae SGPS; S.A.,Einzelhandel - Lebensmittel und Getränke,stock,2025-12-19
161,DG,Dollar General Corporation,Einzelhandel - Lebensmittel und Grundnahrungsmittel,stock,2025-12-19
162,0F4I.IL,Shufersal Ltd,Einzelhandel - Lebensmittel und Supermärkte,stock,2025-12-19
163,JMT.LS,Jerónimo Martins; SGPS; S.A.,Einzelhandel - Lebensmitteleinzelhandel,stock,2025-12-19
164,ME9.F,Metro Inc.,Einzelhandel - Lebensmitteleinzelhandel,stock,2025-12-19
165,KR,The Kroger Co.,Einzelhandel - Lebensmitteleinzelhandel,stock,2025-12-19
166,TPR,Tapestry; Inc.,Einzelhandel - Luxusgüter,stock,2025-12-19
167,AUTO.L,Auto Trader Group plc,Einzelhandel - Online-Automobilhandel,stock,2025-12-19
168,JD,JD.com; Inc.,Einzelhandel - Online-Einzelhandel,stock,2025-12-19
169,EBAY,eBay Inc.,Einzelhandel - Online-Marktplatz,stock,2025-12-19
170,ETSY,Etsy; Inc.,Einzelhandel - Online-Marktplatz,stock,2025-12-19
171,FIE.DE,Fielmann AG,Einzelhandel - Optik,stock,2025-12-19
172,PNDORA.CO,Pandora A/S,Einzelhandel - Schmuck,stock,2025-12-19
173,ULTA,Ulta Beauty; Inc.,Einzelhandel - Schönheitsprodukte,stock,2025-12-19
175,LULU,Lululemon Athletica Inc.,Einzelhandel - Sportbekleidung,stock,2025-12-19
176,CA.PA,Carrefour SA,Einzelhandel - Supermärkte,stock,2025-12-19
177,M,Macy's; Inc.,Einzelhandel - Warenhäuser,stock,2025-12-19
179,LIGHT.AS,Signify N.V.,Elektronik - Beleuchtung,stock,2025-12-19
286,MRO,Marathon Oil Corporation,Energie - Öl und Gas Exploration,stock,\N
302,HES,Hess Corporation,Energie - Öl- und Gasexploration und -produktion,stock,\N
261,APA,APA Corporation,Energie - Öl und Gas,stock,2025-12-19
262,0883.HK,CNOOC Limited,Energie - Öl und Gas,stock,2025-12-19
263,0EBQ.IL,Delek Drilling Limited Partnership,Energie - Öl und Gas,stock,2025-12-19
264,OXY,Occidental Petroleum Corporation,Energie - Öl und Gas,stock,2025-12-19
265,OMV.VI,OMV AG,Energie - Öl und Gas,stock,2025-12-19
266,0RP9.IL,Paz Oil Company Ltd,Energie - Öl und Gas,stock,2025-12-19
267,PETR4.SA,Petroleo Brasileiro S.A. - Petrobras,Energie - Öl und Gas,stock,2025-12-19
268,PSX,Phillips 66,Energie - Öl und Gas,stock,2025-12-19
269,0ROY.IL,Ratio Oil Exploration Limited Partnership,Energie - Öl und Gas,stock,2025-12-19
270,RIGD.IL,Reliance Industries Limited,Energie - Öl und Gas,stock,2025-12-19
271,REP.DE,Repsol S.A.,Energie - Öl und Gas,stock,2025-12-19
272,SHEL,Royal Dutch Shell plc,Energie - Öl und Gas,stock,2025-12-19
273,SFER.MI,Saipem S.p.A.,Energie - Öl und Gas,stock,2025-12-19
274,SLB,Schlumberger Limited,Energie - Öl und Gas,stock,2025-12-19
239,SLR.MC,Solaria Energía y Medio Ambiente; S.A.,Energie - Erneuerbare Energie,stock,2025-12-19
240,SPWR,SunPower Corporation,Energie - Erneuerbare Energie,stock,2025-12-19
241,TYGO,Tigo Energy; Inc.,Energie - Erneuerbare Energie,stock,2025-12-19
242,EDPR.LS,EDP Renovaveis SA,Energie - Erneuerbare Energien,stock,2025-12-19
243,ENR.DE,Encavis AG,Energie - Erneuerbare Energien,stock,2025-12-19
244,0EXG.IL,Energix-Renewable Energies Ltd,Energie - Erneuerbare Energien,stock,2025-12-19
245,ERG.MI,ERG S.p.A.,Energie - Erneuerbare Energien,stock,2025-12-19
246,0NWF.IL,Ormat Technologies; Inc.,Energie - Erneuerbare Energien,stock,2025-12-19
247,VWS.CO,Vestas Wind Systems A/S,Energie - Erneuerbare Energien,stock,2025-12-19
248,IBE.MC,Iberdrola; S.A.,Energie - Erneuerbare Energiequellen,stock,2025-12-19
249,GTN.F,Golar LNG Limited,Energie - Flüssigerdgas (LNG),stock,2025-12-19
250,SRG.MI,Snam S.p.A.,Energie - Gasinfrastruktur,stock,2025-12-19
251,ATO,Atmos Energy Corporation,Energie - Gasversorgung,stock,2025-12-19
252,XOM,Exxon Mobil Corporation,Energie - Integrierte Öl- und Gasunternehmen,stock,2025-12-19
253,DOM.ST,Dominion Energy Midstream Partners; LP,Energie - Midstream-Energieinfrastruktur,stock,2025-12-19
254,KWI.SG,Kuwait Petroleum Corporation,Energie - Mineralölunternehmen,stock,2025-12-19
255,EOAN.DE,E.ON SE,Energie - Multi-Utilities,stock,2025-12-19
256,ENGI.PA,Engie SA,Energie - Multi-Utilities,stock,2025-12-19
257,EVD.DE,EVN AG,Energie - Multi-Utilities,stock,2025-12-19
258,NTGY.MC,Naturgy Energy Group; S.A.,Energie - Multi-Utilities,stock,2025-12-19
259,TTE,TotalEnergies SE,Energie - Multi-Utilities,stock,2025-12-19
260,AKRBF,Aker BP ASA,Energie - Öl und Gas,stock,2025-12-19
303,MPC,Marathon Petroleum Corporation,Energie - Raffinerien,stock,2025-12-19
304,FSLR,First Solar; Inc.,Energie - Solarenergie,stock,2025-12-19
305,1AE.F,SMA Solar Technology AG,Energie - Solarenergie,stock,2025-12-19
306,ENPH,Enphase Energy; Inc.,Energie - Solartechnik,stock,2025-12-19
307,AES,The AES Corporation,Energie - Stromerzeugung,stock,2025-12-19
308,TRN.MI,Terna Rete Elettrica Nazionale SpA,Energie - Versorgungsdienstleistungen,stock,2025-12-19
309,LNT,Alliant Energy Corporation,Energie - Versorgungsunternehmen,stock,2025-12-19
310,AEE,Ameren Corporation,Energie - Versorgungsunternehmen,stock,2025-12-19
311,AEP,American Electric Power Company; Inc.,Energie - Versorgungsunternehmen,stock,2025-12-19
312,CNA.L,Centrica plc,Energie - Versorgungsunternehmen,stock,2025-12-19
313,RUI.PA,RWE AG,Energie - Versorgungsunternehmen,stock,2025-12-19
314,SRE,Sempra Energy,Energie - Versorgungsunternehmen,stock,2025-12-19
315,NEL.OL,NEL ASA,Energie - Wasserstoff,stock,2025-12-19
316,7EVB.F,Eolus Vind AB,Energie - Windenergie,stock,2025-12-19
317,GM,General Motors Company,Fahrzeugbau - Automobilhersteller,stock,2025-12-19
318,HOG,Harley-Davidson; Inc.,Fahrzeugbau - Motorräder,stock,2025-12-19
319,BMW.DE,Bayerische Motoren Werke AG (BMW),Fahrzeuge - Autos,stock,2025-12-19
320,6AA0.F,Aston Martin Lagonda Global Holdings plc,Fahrzeuge - Luxus,stock,2025-12-19
321,2PI.F,Piaggio & C. SpA,Fahrzeuge - Motorroller,stock,2025-12-19
322,LKQ,LKQ Corporation,Fahrzeugindustrie - Autoteilehandel,stock,2025-12-19
323,BR,Broadridge Financial Solutions; Inc.,Finanzdienstleistungen,stock,2025-12-19
324,USB,U.S. Bancorp,Finanzdienstleistungen - Banken,stock,2025-12-19
325,UCG.MI,Unione di Banche Italiane S.p.A.,Finanzdienstleistungen - Banken,stock,2025-12-19
326,WFC,Wells Fargo & Company,Finanzdienstleistungen - Banken,stock,2025-12-19
327,ZION,Zions Bancorporation; N.A.,Finanzdienstleistungen - Banken,stock,2025-12-19
328,CBOE,Cboe Global Markets; Inc.,Finanzdienstleistungen - Börsenbetreiber,stock,2025-12-19
329,CME,CME Group Inc.,Finanzdienstleistungen - Börsenbetreiber,stock,2025-12-19
330,DB1.DE,Deutsche Boerse AG,Finanzdienstleistungen - Börsenbetreiber,stock,2025-12-19
331,EUZ.DE,Eurex Frankfurt AG,Finanzdienstleistungen - Börsenbetreiber,stock,2025-12-19
332,EUQ.F,Euronext NV,Finanzdienstleistungen - Börsenbetreiber,stock,2025-12-19
333,ICE,Intercontinental Exchange; Inc.,Finanzdienstleistungen - Börsenbetreiber,stock,2025-12-19
334,NDAQ,Nasdaq; Inc.,Finanzdienstleistungen - Börsenbetreiber,stock,2025-12-19
335,WU,The Western Union Company,Finanzdienstleistungen - Datenverarbeitung und Outsourcing,stock,2025-12-19
336,HYQ.DE,Hypoport AG,Finanzdienstleistungen - Finanzberatung,stock,2025-12-19
337,WDI.HM,Wirecard AG,Finanzdienstleistungen - Finanzdatendienste,stock,2025-12-19
338,MSCI,MSCI Inc.,Finanzdienstleistungen - Index- und Datenanbieter,stock,2025-12-19
343,IGG.L,IG Group Holdings plc,Finanzdienstleistungen - Online-Handel mit CFDs,stock,2025-12-19
344,HRB,H&R Block; Inc.,Finanzdienstleistungen - Steuerdienstleistungen,stock,2025-12-19
345,BLK,BlackRock; Inc.,Finanzdienstleistungen - Vermögensverwaltung,stock,2025-12-19
346,TROW,T. Rowe Price Group; Inc.,Finanzdienstleistungen - Vermögensverwaltung,stock,2025-12-19
347,UNI.MI,Unipol Gruppo SpA,Finanzdienstleistungen - Versicherungen,stock,2025-12-19
348,UQA.VI,Uniqa Insurance Group AG,Finanzdienstleistungen - Versicherungen,stock,2025-12-19
349,UNM,Unum Group,Finanzdienstleistungen - Versicherungen,stock,2025-12-19
350,WTW,Willis Towers Watson Public Limited Company,Finanzdienstleistungen - Versicherungen,stock,2025-12-19
351,ADYEN.AS,Adyen N.V.,Finanzdienstleistungen - Zahlungsabwicklung,stock,2025-12-19
419,SIVBQ,SVB Financial Group,Finanzen - Banken,stock,\N
429,NGLB.DE,Naga Group AG,Finanzen - Brokerage,stock,\N
339,SPGI,S&P Global Inc.,Finanzdienstleistungen - Informationsdienste,stock,2025-12-19
340,EXPN.L,Experian plc,Finanzdienstleistungen - Kreditinformationen,stock,2025-12-19
342,GLJ.DE,Grenke AG,Finanzdienstleistungen - Leasing,stock,2025-12-19
432,ERF.PA,Eurazeo SE,Finanzen - Finanzdienstleistungen,stock,2025-12-19
275,SNW.DE,Siemens Energy AG,Energie - Öl und Gas,stock,2025-12-19
276,0386.HK,Sinopec Corp,Energie - Öl und Gas,stock,2025-12-19
277,SUBC.OL,Subsea 7 S.A.,Energie - Öl und Gas,stock,2025-12-19
278,TEP.PA,Technip Energies N.V.,Energie - Öl und Gas,stock,2025-12-19
279,TRE.MC,Tecnicas Reunidas SA,Energie - Öl und Gas,stock,2025-12-19
447,DFS,Discover Financial Services,Finanzen - Kreditkarten,stock,\N
280,TEL,Tellurian Inc.,Energie - Öl und Gas,stock,2025-12-19
281,TGS.OL,TGS-NOPEC Geophysical Company ASA,Energie - Öl und Gas,stock,2025-12-19
282,WMB,The Williams Companies; Inc.,Energie - Öl und Gas,stock,2025-12-19
283,UGPA3.SA,Ultrapar Participacoes SA,Energie - Öl und Gas,stock,2025-12-19
284,VLO,Valero Energy Corporation,Energie - Öl und Gas,stock,2025-12-19
285,YPFD.BA,YPF SA,Energie - Öl und Gas,stock,2025-12-19
287,KMI,Kinder Morgan; Inc.,Energie - Öl und Gas Pipelines,stock,2025-12-19
288,BKR,Baker Hughes Company,Energie - Öl- und Gasdienstleistungen,stock,2025-12-19
289,HAL,Halliburton Company,Energie - Öl- und Gasdienstleistungen,stock,2025-12-19
290,FTI,TechnipFMC plc,Energie - Öl- und Gasdienstleistungen,stock,2025-12-19
291,CBT,Cabot Oil & Gas Corporation,Energie - Öl- und Gasexploration und -produktion,stock,2025-12-19
292,CVX,Chevron Corporation,Energie - Öl- und Gasexploration und -produktion,stock,2025-12-19
293,COP,ConocoPhillips,Energie - Öl- und Gasexploration und -produktion,stock,2025-12-19
294,DVN,Devon Energy Corporation,Energie - Öl- und Gasexploration und -produktion,stock,2025-12-19
295,FANG,Diamondback Energy; Inc.,Energie - Öl- und Gasexploration und -produktion,stock,2025-12-19
296,DNO.OL,DNO ASA,Energie - Öl- und Gasexploration und -produktion,stock,2025-12-19
297,ENI.DE,Eni S.p.A.,Energie - Öl- und Gasexploration und -produktion,stock,2025-12-19
298,EOG,EOG Resources; Inc.,Energie - Öl- und Gasexploration und -produktion,stock,2025-12-19
299,EQT.ST,EQT AB,Energie - Öl- und Gasexploration und -produktion,stock,2025-12-19
300,EQNR.OL,Equinor ASA,Energie - Öl- und Gasexploration und -produktion,stock,2025-12-19
301,GALP.LS,Galp Energia SGPS SA,Energie - Öl- und Gasexploration und -produktion,stock,2025-12-19
220,SO,Southern Company,Energie - Elektrizität,stock,2025-12-19
221,SSE.L,SSE plc,Energie - Elektrizität,stock,2025-12-19
222,VBK.DE,Verbund AG,Energie - Elektrizität,stock,2025-12-19
223,ED,Consolidated Edison; Inc.,Energie - Elektrizität und Gas,stock,2025-12-19
224,D,Dominion Energy; Inc.,Energie - Elektrizität und Gas,stock,2025-12-19
425,INVE-B.ST,Investor AB (Class B),Finanzen - Beteiligungsgesellschaft,stock,2025-12-19
426,KFI1.F,KAP Beteiligungs-AG,Finanzen - Beteiligungsgesellschaft,stock,2025-12-19
427,DBAN.SG,Deutsche Beteiligungs AG,Finanzen - Beteiligungsgesellschaften,stock,2025-12-19
428,DEZ.DE,Deutsche Zweitmarkt AG,Finanzen - Beteiligungsgesellschaften,stock,2025-12-19
430,EXXRF,Exor NV,Finanzen - Dachgesellschaft,stock,2025-12-19
431,CGM.F,Cerved Group S.p.A.,Finanzen - Finanzdienstleistungen,stock,2025-12-19
433,GBLB.BR,GBL Group SA,Finanzen - Finanzdienstleistungen,stock,2025-12-19
434,PPX.DE,Papyrus Capital AG,Finanzen - Finanzdienstleistungen,stock,2025-12-19
435,RJF,Raymond James Financial; Inc.,Finanzen - Finanzdienstleistungen,stock,2025-12-19
436,RE21.F,Refinitiv PLC,Finanzen - Finanzdienstleistungen,stock,2025-12-19
437,SYF,Synchrony Financial,Finanzen - Finanzdienstleistungen,stock,2025-12-19
398,HAB.DE,Habib Bank AG Zurich,Finanzen - Banken,stock,2025-12-19
399,HBAN,Huntington Bancshares Inc.,Finanzen - Banken,stock,2025-12-19
400,1398.HK,Industrial and Commercial Bank of China Limited,Finanzen - Banken,stock,2025-12-19
401,INGA.AS,ING Groep N.V.,Finanzen - Banken,stock,2025-12-19
402,IG.MI,Intesa Sanpaolo S.p.A.,Finanzen - Banken,stock,2025-12-19
403,0RLA.IL,Israel Discount Bank Limited,Finanzen - Banken,stock,2025-12-19
404,JPM,JPMorgan Chase & Co.,Finanzen - Banken,stock,2025-12-19
405,JYSK.CO,Jyske Bank A/S,Finanzen - Banken,stock,2025-12-19
406,KEY,KeyCorp,Finanzen - Banken,stock,2025-12-19
407,KDB.F,Kreditanstalt für Wiederaufbau (KfW),Finanzen - Banken,stock,2025-12-19
408,MTB,M&T Bank Corporation,Finanzen - Banken,stock,2025-12-19
409,MB.MI,Mediobanca Banca di Credito Finanziario S.p.A.,Finanzen - Banken,stock,2025-12-19
410,NBNKF,Nordea Bank Abp,Finanzen - Banken,stock,2025-12-19
411,1NBA.DE,OneSavings Bank plc,Finanzen - Banken,stock,2025-12-19
412,PNC,PNC Financial Services Group; Inc.,Finanzen - Banken,stock,2025-12-19
413,RBI.VI,Raiffeisen Bank International AG,Finanzen - Banken,stock,2025-12-19
414,RF,Regions Financial Corporation,Finanzen - Banken,stock,2025-12-19
415,SEBA.F,Schweizerische Eidgenossenschaft,Finanzen - Banken,stock,2025-12-19
416,SEB-A.ST,Skandinaviska Enskilda Banken AB,Finanzen - Banken,stock,2025-12-19
417,SK.PA,Société Générale S.A.,Finanzen - Banken,stock,2025-12-19
418,STT,State Street Corporation,Finanzen - Banken,stock,2025-12-19
420,SVKB.F,Svenska Handelsbanken AB (publ),Finanzen - Banken,stock,2025-12-19
421,SWED-A.ST,Swedbank AB,Finanzen - Banken,stock,2025-12-19
422,SYDB.CO,Sydbank A/S,Finanzen - Banken,stock,2025-12-19
423,GS,The Goldman Sachs Group; Inc.,Finanzen - Banken,stock,2025-12-19
424,IDVA.SG,Industrivaerden AB,Finanzen - Beteiligungsgesellschaft,stock,2025-12-19
491,IIA.VI,Vienna Insurance Group AG,Finanzen - Versicherung,stock,\N
225,ES,Eversource Energy,Energie - Elektrizität und Gas,stock,2025-12-19
226,DCC.SG,DCC plc,Energie - Energiehandel,stock,2025-12-19
227,HER.MI,Hera S.p.A.,Energie - Energieversorgung,stock,2025-12-19
228,INN1.DE,Innogy SE,Energie - Energieversorgung,stock,2025-12-19
229,GZ5.F,Gazprom PJSC,Energie - Erdgas,stock,2025-12-19
230,OKE,ONEOK; Inc.,Energie - Erdgas,stock,2025-12-19
231,ENA.F,Enagas SA,Energie - Erdgasinfrastruktur,stock,2025-12-19
233,LYV.SG,Orron Energy AB,Energie - Erdöl- und Erdgasexploration,stock,2025-12-19
234,NRE.F,Northland Power Inc.,Energie - Erneuerbare Energie,stock,2025-12-19
235,ORSTED.CO,Orsted A/S,Energie - Erneuerbare Energie,stock,2025-12-19
236,PNE3.DE,PNE AG,Energie - Erneuerbare Energie,stock,2025-12-19
237,SCATC.OL,Scatec ASA,Energie - Erneuerbare Energie,stock,2025-12-19
238,SFQ.DE,SFC Energy AG,Energie - Erneuerbare Energie,stock,2025-12-19
195,0002.HK,CLP Holdings Ltd,Energie,stock,2025-12-19
196,0006.HK,Power Assets Holdings Limited,Energie,stock,2025-12-19
197,NOV,NOV Inc.,Energie - Ausrüstung für Öl- und Gasbohrungen,stock,2025-12-19
198,SBO.VI,Schoeller-Bleckmann Oilfield Equipment AG,Energie - Ausrüstung und Dienstleistungen,stock,2025-12-19
199,TSCDF,Tesco Corporation,Energie - Ausrüstung und Dienstleistungen,stock,2025-12-19
200,ESW.F,Ence Energia y Celulosa SA,Energie - Biomasse und Zellstoff,stock,2025-12-19
201,CNP,CenterPoint Energy; Inc.,Energie - Elektrizität,stock,2025-12-19
202,CMS,CMS Energy Corporation,Energie - Elektrizität,stock,2025-12-19
203,CMIG4.SA,Companhia Energetica de Minas Gerais - CEMIG,Energie - Elektrizität,stock,2025-12-19
204,DUK,Duke Energy Corporation,Energie - Elektrizität,stock,2025-12-19
205,EDN.BA,Edenor SA,Energie - Elektrizität,stock,2025-12-19
206,EIX,Edison International,Energie - Elektrizität,stock,2025-12-19
207,EGL.LS,EDP - Energias de Portugal SA,Energie - Elektrizität,stock,2025-12-19
208,ENEL.MI,Enel S.p.A.,Energie - Elektrizität,stock,2025-12-19
209,ETR,Entergy Corporation,Energie - Elektrizität,stock,2025-12-19
210,EQTL3.SA,Equatorial Energia SA,Energie - Elektrizität,stock,2025-12-19
211,EVRG,Evergy; Inc.,Energie - Elektrizität,stock,2025-12-19
212,FE,FirstEnergy Corp.,Energie - Elektrizität,stock,2025-12-19
213,KEK.F,KEPCO KPS Co.; Ltd.,Energie - Elektrizität,stock,2025-12-19
214,NEE,NextEra Energy; Inc.,Energie - Elektrizität,stock,2025-12-19
215,NRG,NRG Energy; Inc.,Energie - Elektrizität,stock,2025-12-19
216,PAMP.BA,Pampa Energia S.A.,Energie - Elektrizität,stock,2025-12-19
217,PNW,Pinnacle West Capital Corporation,Energie - Elektrizität,stock,2025-12-19
218,PPL,PPL Corporation,Energie - Elektrizität,stock,2025-12-19
219,PEG,Public Service Enterprise Group Incorporated,Energie - Elektrizität,stock,2025-12-19
551,ORP.PA,Orpea SA,Gesundheitswesen - Gesundheitsdienste,stock,\N
134,RL,Ralph Lauren Corporation,Einzelhandel - Bekleidung,stock,2025-12-19
135,ROST,Ross Stores; Inc.,Einzelhandel - Bekleidung,stock,2025-12-19
509,LYV,Live Nation Entertainment; Inc.,Freizeit - Veranstaltungsdienste,stock,2025-12-19
510,RCL,Royal Caribbean Group,Freizeit und Tourismus - Kreuzfahrt,stock,2025-12-19
511,AC.PA,Accor S.A.,Gastgewerbe - Hotels,stock,2025-12-19
512,HLT,Hilton Worldwide Holdings Inc.,Gastgewerbe - Hotels,stock,2025-12-19
481,MAP.MC,Mapfre; S.A.,Finanzen - Versicherung,stock,2025-12-19
482,MMC,Marsh & McLennan Companies; Inc.,Finanzen - Versicherung,stock,2025-12-19
483,MET,MetLife; Inc.,Finanzen - Versicherung,stock,2025-12-19
484,2318.HK,Ping An Insurance (Group) Company of China; Ltd.,Finanzen - Versicherung,stock,2025-12-19
485,PST.MI,Poste Italiane S.p.A.,Finanzen - Versicherung,stock,2025-12-19
486,PFG,Principal Financial Group; Inc.,Finanzen - Versicherung,stock,2025-12-19
487,PGR,Progressive Corporation,Finanzen - Versicherung,stock,2025-12-19
488,PRU,Prudential Financial; Inc.,Finanzen - Versicherung,stock,2025-12-19
489,SCR.PA,SCOR SE,Finanzen - Versicherung,stock,2025-12-19
490,HIG,The Hartford Financial Services Group; Inc.,Finanzen - Versicherung,stock,2025-12-19
492,STB.OL,Storebrand ASA,Finanzen - Versicherungen,stock,2025-12-19
493,MA,Mastercard Incorporated,Finanzen - Zahlungsabwicklung,stock,2025-12-19
494,AXP,American Express Company,Finanzen - Zahlungsdienste,stock,2025-12-19
495,PYPL,PayPal Holdings; Inc.,Finanzen - Zahlungsdienste,stock,2025-12-19
496,BWO.OL,Bakkafrost P/F,Fischerei - Lachszucht,stock,2025-12-19
497,HOLM-B.ST,Holmen AB,Forstwirtschaft - Papier und Verpackungen,stock,2025-12-19
498,JUVE.MI,Juventus Football Club S.p.A.,Freizeit - Fußballvereine,stock,2025-12-19
499,KINV-B.ST,Kindred Group plc,Freizeit - Glücksspiel,stock,2025-12-19
500,MGM,MGM Resorts International,Freizeit - Hotels und Casinos,stock,2025-12-19
501,MAR,Marriott International; Inc.,Freizeit - Hotels und Resorts,stock,2025-12-19
502,MEL.MC,MELIÁ HOTELS INTERNATIONAL; S.A.,Freizeit - Hotels und Resorts,stock,2025-12-19
503,KINB.XC,Kinepolis Group NV,Freizeit - Kinos,stock,2025-12-19
504,CCL,Carnival Corporation & plc,Freizeit - Kreuzfahrt,stock,2025-12-19
505,NCLH,Norwegian Cruise Line Holdings Ltd.,Freizeit - Kreuzfahrt,stock,2025-12-19
506,KBX.DE,Kuoni Reisen Holding AG,Freizeit - Reisedienstleistungen,stock,2025-12-19
507,MAT,Mattel; Inc.,Freizeit - Spielwaren,stock,2025-12-19
508,HAS,Hasbro; Inc.,Freizeit - Spielzeug,stock,2025-12-19
137,SFIX,Stitch Fix; Inc.,Einzelhandel - Bekleidung,stock,2025-12-19
138,TJX,The TJX Companies; Inc.,Einzelhandel - Bekleidung,stock,2025-12-19
139,TLX.DE,Tom Tailor Holding SE,Einzelhandel - Bekleidung,stock,2025-12-19
141,ZAL.DE,Zalando SE,Einzelhandel - Bekleidung und Accessoires,stock,2025-12-19
142,BME.L,B&M European Value Retail SA,Einzelhandel - Discount-Einzelhandel,stock,2025-12-19
143,FIVE,Five Below; Inc.,Einzelhandel - Discount-Einzelhandel,stock,2025-12-19
144,DLTR,Dollar Tree; Inc.,Einzelhandel - Diskontläden,stock,2025-12-19
146,AMZN,Amazon.com; Inc.,Einzelhandel - E-Commerce,stock,2025-12-19
147,MELI,MercadoLibre; Inc.,Einzelhandel - E-Commerce,stock,2025-12-19
148,PDD,Pinduoduo Inc.,Einzelhandel - E-Commerce,stock,2025-12-19
149,DEQ.DE,Deutsche EuroShop AG,Einzelhandel - Einkaufszentren,stock,2025-12-19
150,COST,Costco Wholesale Corporation,Einzelhandel - Einzelhandel,stock,2025-12-19
151,BBY,Best Buy Co.; Inc.,Einzelhandel - Elektronik,stock,2025-12-19
152,CEC.DE,Ceconomy AG,Einzelhandel - Elektronik,stock,2025-12-19
153,CWH,Camping World Holdings; Inc.,Einzelhandel - Freizeitfahrzeuge,stock,2025-12-19
154,KMX,CarMax; Inc.,Einzelhandel - Gebrauchtwagenhandel,stock,2025-12-19
155,1LNB.F,Steinhoff International Holdings N.V.,Einzelhandel - Haushaltswaren,stock,2025-12-19
157,KGF.L,Kingfisher plc,Einzelhandel - Heimwerkerbedarf,stock,2025-12-19
158,TSCO,Tractor Supply Company,Einzelhandel - Heimwerkerbedarf,stock,2025-12-19
159,AD.AS,Koninklijke Ahold Delhaize N.V.,Einzelhandel - Lebensmittel,stock,2025-12-19
113,ADP,Automatic Data Processing; Inc.,Dienstleistungen - Personalwesen,stock,2025-12-19
115,TGT,Target Corporation,Einzelhandel - Allgemeine Warenhäuser,stock,2025-12-19
116,WMT,Walmart Inc.,Einzelhandel - Allgemeine Warenhäuser,stock,2025-12-19
117,AZO,AutoZone; Inc.,Einzelhandel - Autoersatzteile,stock,2025-12-19
118,AAP,Advance Auto Parts; Inc.,Einzelhandel - Autoteile,stock,2025-12-19
119,GPC,Genuine Parts Company,Einzelhandel - Autoteile und Zubehör,stock,2025-12-19
120,ORLY,O'Reilly Automotive; Inc.,Einzelhandel - Autozubehör,stock,2025-12-19
121,LOW,Lowe's Companies; Inc.,Einzelhandel - Bau- und Heimwerksmärkte,stock,2025-12-19
122,BYG.F,Byggmax Group AB,Einzelhandel - Baumärkte,stock,2025-12-19
123,HBH.DE,HORNBACH Holding AG & Co. KGaA,Einzelhandel - Baumärkte,stock,2025-12-19
124,HD,The Home Depot; Inc.,Einzelhandel - Baumärkte,stock,2025-12-19
125,HM-B.ST,Hennes & Mauritz AB (H&M),Einzelhandel - Bekleidung,stock,2025-12-19
126,ITX.MC,Inditex; S.A.,Einzelhandel - Bekleidung,stock,2025-12-19
127,KER.PA,Kering SA,Einzelhandel - Bekleidung,stock,2025-12-19
128,KSS,Kohl's Corporation,Einzelhandel - Bekleidung,stock,2025-12-19
129,L,L Brands; Inc.,Einzelhandel - Bekleidung,stock,2025-12-19
130,LREN3.SA,Lojas Renner S.A.,Einzelhandel - Bekleidung,stock,2025-12-19
554,FRA.DE,Fresenius SE & Co. KGaA,Gesundheitswesen - Gesundheitsdienstleistungen,stock,2025-12-19
555,RMS.PA,Ramsay Health Care Limited,Gesundheitswesen - Gesundheitsdienstleistungen,stock,2025-12-19
556,RSH.F,Rhoen Klinikum AG,Gesundheitswesen - Gesundheitsdienstleistungen,stock,2025-12-19
557,UNH,UnitedHealth Group Incorporated,Gesundheitswesen - Gesundheitsdienstleistungen,stock,2025-12-19
558,AMP.MI,Amplifon S.p.A.,Gesundheitswesen - Hörgeräte,stock,2025-12-19
559,DEMANT.CO,Demant A/S,Gesundheitswesen - Hörgeräte,stock,2025-12-19
560,BIM.PA,Biomérieux S.A.,Gesundheitswesen - In-vitro-Diagnostika,stock,2025-12-19
561,HCA,HCA Healthcare; Inc.,Gesundheitswesen - Krankenhaus- und Gesundheitsdienste,stock,2025-12-19
562,CNC,Centene Corporation,Gesundheitswesen - Krankenversicherung,stock,2025-12-19
563,CI,Cigna Corporation,Gesundheitswesen - Krankenversicherung,stock,2025-12-19
564,HUM,Humana Inc.,Gesundheitswesen - Krankenversicherung,stock,2025-12-19
565,MF.PA,Mutualité Française Loire - SSAM,Gesundheitswesen - Krankenversicherung,stock,2025-12-19
566,ERFSF,Eurofins Scientific SE,Gesundheitswesen - Labor- und Diagnosedienste,stock,2025-12-19
567,A,Agilent Technologies; Inc.,Gesundheitswesen - Labortechnik,stock,2025-12-19
568,HSIC,Henry Schein; Inc.,Gesundheitswesen - Medizinbedarf,stock,2025-12-19
569,NCYT.L,Novacyt S.A.,Gesundheitswesen - Medizinische Diagnose,stock,2025-12-19
570,GN.CO,GN Store Nord A/S,Gesundheitswesen - Medizinische Geräte,stock,2025-12-19
571,NVCR,NovoCure Limited,Gesundheitswesen - Medizinische Geräte,stock,2025-12-19
572,QDEL,Quidel Corporation,Gesundheitswesen - Medizinische Geräte,stock,2025-12-19
573,FME.DE,Fresenius Medical Care AG & Co. KGaA,Gesundheitswesen - Medizinische Geräte und Dienstleistungen,stock,2025-12-19
574,BAX,Baxter International Inc.,Gesundheitswesen - Medizinprodukte,stock,2025-12-19
575,COLO-B.CO,Coloplast A/S,Gesundheitswesen - Medizinprodukte,stock,2025-12-19
576,COO,Cooper Companies; Inc.,Gesundheitswesen - Medizinprodukte,stock,2025-12-19
577,PODD,Insulet Corporation,Gesundheitswesen - Medizinprodukte,stock,2025-12-19
578,RMD,ResMed Inc.,Gesundheitswesen - Medizinprodukte,stock,2025-12-19
579,ABT,Abbott Laboratories,Gesundheitswesen - Medizintechnik,stock,2025-12-19
580,BDX,Becton; Dickinson and Company,Gesundheitswesen - Medizintechnik,stock,2025-12-19
581,XRAY,DENTSPLY SIRONA Inc.,Gesundheitswesen - Medizintechnik,stock,2025-12-19
582,DXCM,DexCom; Inc.,Gesundheitswesen - Medizintechnik,stock,2025-12-19
583,EW,Edwards Lifesciences Corporation,Gesundheitswesen - Medizintechnik,stock,2025-12-19
584,GETI-B.ST,Getinge AB,Gesundheitswesen - Medizintechnik,stock,2025-12-19
585,HOLX,Hologic; Inc.,Gesundheitswesen - Medizintechnik,stock,2025-12-19
586,PHI1.DE,Koninklijke Philips NV,Gesundheitswesen - Medizintechnik,stock,2025-12-19
132,PUM.DE,Puma SE,Einzelhandel - Bekleidung,stock,2025-12-19
133,PVH,PVH Corp,Einzelhandel - Bekleidung,stock,2025-12-19
670,SPI.VI,S IMMO AG,Immobilien - Büroimmobilien,stock,\N
676,UNBA.F,Unibail-Rodamco-Westfield SE,Immobilien - Einzelhandelimmobilien,stock,\N
686,HCP,HCP; Inc.,Immobilien - Gesundheitswesenimmobilien,stock,\N
701,RDFN,Redfin Corporation,Immobilien - Immobiliendienstleistungen,stock,\N
695,WILC.F,Fabege AB,Immobilien - Gewerbeimmobilien,stock,2025-12-19
630,RI.PA,Pernod Ricard S.A.,Getränke - Spirituosen,stock,2025-12-19
631,NHY.OL,Norsk Hydro ASA,Grundstoffe - Aluminium,stock,2025-12-19
632,WAC.DE,Wacker Chemie AG,Grundstoffe - Chemikalien,stock,2025-12-19
633,KCO.DE,K + S AG,Grundstoffe - Düngemittel,stock,2025-12-19
634,YAR.OL,Yara International ASA,Grundstoffe - Düngemittel,stock,2025-12-19
635,LNZ.VI,Lenzing AG,Grundstoffe - Fasern und Textilien,stock,2025-12-19
637,VOE.VI,Voestalpine AG,Grundstoffe - Stahlprodukte,stock,2025-12-19
638,MT.AS,ArcelorMittal,Grundstoffe - Stahlproduktion,stock,2025-12-19
639,MTS.MC,ArcelorMittal S.A.,Grundstoffe - Stahlproduktion,stock,2025-12-19
640,NUE,Nucor Corporation,Grundstoffe - Stahlproduktion,stock,2025-12-19
641,ADI,Analog Devices; Inc.,Halbleiter - Analogtechnik,stock,2025-12-19
642,AVGO,Broadcom Inc.,Halbleiter - Breitbandkommunikation,stock,2025-12-19
643,AMAT,Applied Materials; Inc.,Halbleiter - Halbleiterausrüstung,stock,2025-12-19
644,AMD,Advanced Micro Devices; Inc.,Halbleiter - Halbleiterprodukte,stock,2025-12-19
645,MRVL,Marvell Technology Group Ltd.,Halbleiterindustrie,stock,2025-12-19
646,MU,Micron Technology; Inc.,Halbleiterindustrie,stock,2025-12-19
647,NVDA,NVIDIA Corporation,Halbleiterindustrie,stock,2025-12-19
648,NXPI,NXP Semiconductors N.V.,Halbleiterindustrie,stock,2025-12-19
649,ON,ON Semiconductor Corporation,Halbleiterindustrie,stock,2025-12-19
650,IFX.DE,Infineon Technologies AG,Halbleiterindustrie - Halbleiter,stock,2025-12-19
651,INTC,Intel Corporation,Halbleiterindustrie - Halbleiter,stock,2025-12-19
652,RXL.PA,Rexel S.A.,Handel - Elektrogeräte,stock,2025-12-19
653,CLX,Clorox Company,Haushalt und Körperpflege,stock,2025-12-19
654,AOS,A. O. Smith Corporation,Herstellung - Wasseraufbereitung und Heizung,stock,2025-12-19
655,ANI.F,Adler Real Estate AG,Immobilien,stock,2025-12-19
656,AOMD.DE,Ado Properties S.A.,Immobilien,stock,2025-12-19
657,ARE,Alexandria Real Estate Equities; Inc.,Immobilien,stock,2025-12-19
658,AIV,Apartment Investment and Management Company (Aimco),Immobilien,stock,2025-12-19
659,TOWN.VI,Aroundtown SA,Immobilien,stock,2025-12-19
660,AVB,AvalonBay Communities; Inc.,Immobilien,stock,2025-12-19
661,0RH1.IL,Azrieli Group Ltd,Immobilien,stock,2025-12-19
662,1109.HK,China Resources Land Limited,Immobilien,stock,2025-12-19
663,0101.HK,Hang Lung Group Limited,Immobilien,stock,2025-12-19
664,0012.HK,Henderson Land Development Company Limited,Immobilien,stock,2025-12-19
629,CPR.MI,Campari Group,Getränke - Spirituosen,stock,2025-12-19
722,CCRO3.SA,CCR S.A.,Industrie - Bau und Ingenieurwesen,stock,\N
51,BOSS.DE,HUGO BOSS AG,Bekleidung - Mode,stock,2025-12-19
52,NKE,NIKE; Inc.,Bekleidung - Sportbekleidung,stock,2025-12-19
53,ADS.DE,Adidas AG,Bekleidung und Schuhe,stock,2025-12-19
54,AON,Aon plc,Beratung und Versicherungsdienstleistungen,stock,2025-12-19
55,BHP.L,BHP Group Limited,Bergbau - Diversifizierter Bergbau,stock,2025-12-19
56,GLEN.L,Glencore plc,Bergbau - Diversifizierter Bergbau,stock,2025-12-19
57,NEM,Newmont Corporation,Bergbau - Gold und Edelmetalle,stock,2025-12-19
58,HMSB.DE,HMS Bergbau AG,Bergbau - Kohle,stock,2025-12-19
59,ANTO.L,Antofagasta plc,Bergbau - Kupfer,stock,2025-12-19
60,NDA.DE,Aurubis AG,Bergbau - Kupfer,stock,2025-12-19
61,FCX,Freeport-McMoRan Inc.,Bergbau - Kupfer; Gold und Molybdän,stock,2025-12-19
62,FGR.PA,Eramet SA,Bergbau - Metalle und Bergbau,stock,2025-12-19
63,LUMI.ST,Lundin Mining Corporation,Bergbau - Metallproduktion,stock,2025-12-19
64,CHGG,Chegg; Inc.,Bildung - Bildungsdienstleistungen,stock,2025-12-19
65,EDU,New Oriental Education & Technology Group Inc.,Bildung - Bildungsdienstleistungen,stock,2025-12-19
66,PSON.L,Pearson plc,Bildung - Bildungsdienstleistungen,stock,2025-12-19
67,AMGN,Amgen Inc.,Biotechnologie,stock,2025-12-19
68,ANAB,AnaptysBio; Inc.,Biotechnologie,stock,2025-12-19
69,BIIB,Biogen Inc.,Biotechnologie,stock,2025-12-19
70,BMRN,BioMarin Pharmaceutical Inc.,Biotechnologie,stock,2025-12-19
71,BSN.F,Biosearch SA,Biotechnologie,stock,2025-12-19
73,2CV.F,Celyad SA,Biotechnologie,stock,2025-12-19
74,MRNA,Moderna; Inc.,Biotechnologie,stock,2025-12-19
76,NKTR,Nektar Therapeutics,Biotechnologie,stock,2025-12-19
77,NBIX,Neurocrine Biosciences; Inc.,Biotechnologie,stock,2025-12-19
78,2NN.MU,Nordic Nanovector ASA,Biotechnologie,stock,2025-12-19
79,NZM2.MU,Novozymes A/S,Biotechnologie,stock,2025-12-19
771,SHA.DE,Schaeffler AG,Industrie - Maschinenbau,stock,\N
80,GLPG.AS,Galapagos NV,Biotechnologie - Biopharmazeutika,stock,2025-12-19
81,INCY,Incyte Corporation,Biotechnologie - Biopharmazeutika,stock,2025-12-19
82,ILMN,Illumina; Inc.,Biotechnologie - Genomik,stock,2025-12-19
37,ROCK-B.CO,Rockwool International A/S,Baustoffe - Dämmstoffe,stock,2025-12-19
38,HEI.DE,HeidelbergCement AG,Baustoffe - Zement,stock,2025-12-19
39,RMC.BE,Buzzi Unicem S.p.A.,Baustoffe - Zement und Zuschlagstoffe,stock,2025-12-19
40,HOT.DE,Hochtief AG,Bauwesen - Bau und Infrastruktur,stock,2025-12-19
41,MAS,Masco Corporation,Bauwesen - Baumaterialien,stock,2025-12-19
42,LLD.F,LafargeHolcim Ltd,Bauwesen - Baustoffe,stock,2025-12-19
43,MLM,Martin Marietta Materials; Inc.,Bauwesen - Baustoffe,stock,2025-12-19
44,LLC.F,Lendlease Group,Bauwesen - Immobilienentwicklung,stock,2025-12-19
45,LEN,Lennar Corporation,Bauwesen - Wohnbau,stock,2025-12-19
46,DHI,D.R. Horton; Inc.,Bauwirtschaft - Wohnbau,stock,2025-12-19
47,GIL.DE,Gildan Activewear Inc.,Bekleidung - Bekleidungsindustrie,stock,2025-12-19
48,HBI,Hanesbrands Inc.,Bekleidung - Bekleidungsindustrie,stock,2025-12-19
717,IES.DE,SLM Solutions Group AG,Industrie - 3D-Druck,stock,2025-12-19
718,NOEJ.DE,Norma Group SE,Industrie - Autozulieferer,stock,2025-12-19
719,UNP,Union Pacific Corporation,Industrie - Bahndienste,stock,2025-12-19
720,VOS.DE,Vossloh AG,Industrie - Bahndienste,stock,2025-12-19
721,WAB,Wabtec Corporation,Industrie - Bahndienste,stock,2025-12-19
723,FAST,Fastenal Company,Industrie - Bau- und Baustoffzulieferung,stock,2025-12-19
724,CAT,Caterpillar Inc.,Industrie - Baumaschinen,stock,2025-12-19
725,MHK,Mohawk Industries; Inc.,Industrie - Bodenbeläge,stock,2025-12-19
726,SCS,Steelcase Inc.,Industrie - Büromöbel,stock,2025-12-19
727,AKER.OL,Aker ASA,Industrie - Diversifizierte Industrie,stock,2025-12-19
728,HDD.DE,Heidelberger Druckmaschinen AG,Industrie - Druck- und Medientechnologie,stock,2025-12-19
729,SND.F,Schneider Electric SE,Industrie - Elektrikausrüstung,stock,2025-12-19
730,GWW,W.W. Grainger; Inc.,Industrie - Elektrogeräte und Zubehör,stock,2025-12-19
731,SIE.DE,Siemens AG,Industrie - Elektroindustrie,stock,2025-12-19
732,ROK,Rockwell Automation; Inc.,Industrie - Elektrotechnik,stock,2025-12-19
733,ABB.ST,ABB Ltd,Industrie - Elektrotechnik; Automation,stock,2025-12-19
734,TDG,TransDigm Group Incorporated,Industrie - Flugzeugkomponenten,stock,2025-12-19
735,JCI,Johnson Controls International plc,Industrie - Gebäudetechnik,stock,2025-12-19
736,SPIE.PA,SPIE SA,Industrie - Gebäudetechnik,stock,2025-12-19
737,TTK.DE,Takkt AG,Industrie - Geschäftsausstattung,stock,2025-12-19
738,URI,United Rentals; Inc.,Industrie - Handel und Vermietung von Baugeräten,stock,2025-12-19
739,INX.F,Interpump Group S.p.A.,Industrie - Hydrauliksysteme,stock,2025-12-19
740,I1M.F,Indutrade AB,Industrie - Industrieausrüstung,stock,2025-12-19
741,LIN,Linde plc,Industrie - Industriegase,stock,2025-12-19
742,PNR,Pentair plc,Industrie - Industriegüter und -dienstleistungen,stock,2025-12-19
743,SMIN.L,Smiths Group plc,Industrie - Industriegüter und -dienstleistungen,stock,2025-12-19
710,EXR,Extra Space Storage Inc.,Immobilien - Self-Storage,stock,2025-12-19
711,DWNI.DE,Deutsche Wohnen SE,Immobilien - Wohnimmobilien,stock,2025-12-19
712,EQR,Equity Residential,Immobilien - Wohnimmobilien,stock,2025-12-19
713,ESS,Essex Property Trust; Inc.,Immobilien - Wohnimmobilien,stock,2025-12-19
714,TEG.DE,TAG Immobilien AG,Immobilien - Wohnimmobilien,stock,2025-12-19
715,UDR,UDR; Inc.,Immobilien - Wohnimmobilien,stock,2025-12-19
716,MAA,Mid-America Apartment Communities; Inc.,Immobilien - Wohnungsbau,stock,2025-12-19
806,YNDX,Yandex N.V.,Informationstechnologie - Internetdienste,stock,\N
49,48CA.F,Canada Goose Holdings Inc.,Bekleidung - Luxus,stock,2025-12-19
50,CPRI,Capri Holdings Limited,Bekleidung - Luxusmode,stock,2025-12-19
841,41B.F,Berkshire Hathaway Inc.,Konglomerat,stock,2025-12-19
800,FIS,Fidelity National Information Services; Inc.,Informationstechnologie - Finanzdienstleistungen,stock,2025-12-19
801,FISV.VI,Fiserv; Inc.,Informationstechnologie - Finanzdienstleistungen,stock,2025-12-19
802,IT,Gartner; Inc.,Informationstechnologie - Forschung und Beratung,stock,2025-12-19
803,TXN,Texas Instruments Incorporated,Informationstechnologie - Halbleiter,stock,2025-12-19
804,GDDY,GoDaddy Inc.,Informationstechnologie - Internetdienste,stock,2025-12-19
805,VRSN,VeriSign; Inc.,Informationstechnologie - Internetdienste,stock,2025-12-19
807,DXC,DXC Technology Company,Informationstechnologie - IT-Beratung und -Dienstleistungen,stock,2025-12-19
808,GFT.DE,GFT Technologies SE,Informationstechnologie - IT-Beratung und -Dienstleistungen,stock,2025-12-19
809,BC8.DE,Bechtle AG,Informationstechnologie - IT-Dienstleistungen,stock,2025-12-19
810,COK.DE,Cancom SE,Informationstechnologie - IT-Dienstleistungen,stock,2025-12-19
811,CTSH,Cognizant Technology Solutions Corporation,Informationstechnologie - IT-Dienstleistungen,stock,2025-12-19
812,WLN.PA,Worldline SA,Informationstechnologie - IT-Dienstleistungen,stock,2025-12-19
813,XRX,Xerox Holdings Corporation,Informationstechnologie - IT-Hardware und -Ausrüstung,stock,2025-12-19
817,GAN.F,Gan Limited,Informationstechnologie - Online-Glücksspiele,stock,2025-12-19
790,AI.PA,Air Liquide S.A.,Industriegase,stock,2025-12-19
791,DSY.PA,Dassault Systemes SE,Informationstechnologie - 3D-Software und -Dienstleistungen,stock,2025-12-19
792,TWLO,Twilio Inc.,Informationstechnologie - Cloud Computing,stock,2025-12-19
793,DDOG,Datadog; Inc.,Informationstechnologie - Cloud-Monitoring und -Analyse,stock,2025-12-19
794,FSLY,Fastly; Inc.,Informationstechnologie - Content Delivery Network,stock,2025-12-19
795,CRWD,CrowdStrike Holdings; Inc.,Informationstechnologie - Cybersecurity,stock,2025-12-19
796,FTNT,Fortinet; Inc.,Informationstechnologie - Cybersicherheit,stock,2025-12-19
797,VRSK,Verisk Analytics; Inc.,Informationstechnologie - Datenverarbeitung und Outsourcing,stock,2025-12-19
798,WDC,Western Digital Corporation,Informationstechnologie - Datenverarbeitung und Outsourcing,stock,2025-12-19
799,CDNS,Cadence Design Systems; Inc.,Informationstechnologie - Elektronik,stock,2025-12-19
914,RYE.F,Ryanair Holdings plc,Luftfahrt - Fluggesellschaften,stock,\N
915,FRU.DE,Fraport AG,Luftfahrt - Flughafenbetreiber,stock,\N
919,ICLA.F,Cell Impact AB,Maschinenbau - Papierherstellung,stock,\N
887,FNTN.DE,Fonterra Co-operative Group Limited,Lebensmittel und Getränke - Milchwirtschaft,stock,2025-12-19
888,CHRW,C.H. Robinson Worldwide; Inc.,Logistik - Fracht- und Logistikdienstleistungen,stock,2025-12-19
929,WRK,WestRock Company,Materialien - Verpackungsprodukte,stock,\N
889,EXPD,Expeditors International of Washington; Inc.,Logistik - Fracht- und Logistikdienstleistungen,stock,2025-12-19
890,DSV.CO,DSV Panalpina A/S,Logistik - Logistikdienstleistungen,stock,2025-12-19
891,FDX,FedEx Corporation,Logistik - Paketdienstleistungen,stock,2025-12-19
892,ATS.VI,Austrian Post AG,Logistik - Post- und Paketdienste,stock,2025-12-19
893,BOP.F,Bpost SA,Logistik - Post- und Paketdienste,stock,2025-12-19
894,CTT.LS,CTT - Correios de Portugal SA,Logistik - Postdienste,stock,2025-12-19
860,MC.PA,LVMH Moet Hennessy Louis Vuitton SE,Konsumgüter - Luxusgüter,stock,2025-12-19
861,1044.HK,Hengan International Group Company Limited,Konsumgüter - Papierprodukte,stock,2025-12-19
938,SCHA.OL,Schibsted ASA,Medien - Verlagswesen,stock,\N
862,COTY,Coty Inc.,Konsumgüter - Schönheitsprodukte,stock,2025-12-19
863,PM,Philip Morris International Inc.,Konsumgüter - Tabak,stock,2025-12-19
864,FRPT,Freshpet; Inc.,Konsumgüter - Tierfutter,stock,2025-12-19
865,HUSQ-B.ST,Husqvarna AB,Konsumgüter - Werkzeuge und Gartengeräte,stock,2025-12-19
871,KWS.DE,KWS SAAT SE & Co. KGaA,Landwirtschaft - Saatgut,stock,2025-12-19
872,MOWI.OL,Mowi ASA,Lebensmittel - Fisch,stock,2025-12-19
873,BYND,Beyond Meat; Inc.,Lebensmittel - Fleischersatz,stock,2025-12-19
874,CPB,Campbell Soup Company,Lebensmittel - Lebensmittel und Getränke,stock,2025-12-19
875,2319.HK,China Mengniu Dairy Company Limited,Lebensmittel - Molkereiprodukte,stock,2025-12-19
876,CAG,Conagra Brands; Inc.,Lebensmittel - Nahrungsmittel und Getränke,stock,2025-12-19
877,BN.PA,Danone SA,Lebensmittel - Nahrungsmittel und Getränke,stock,2025-12-19
878,AAK.ST,AAK AB,Lebensmittel - Pflanzenöle und -fette,stock,2025-12-19
879,HSY,The Hershey Company,Lebensmittel - Süßwaren,stock,2025-12-19
880,HRL,Hormel Foods Corporation,Lebensmittel - Verarbeitete Lebensmittel,stock,2025-12-19
881,SOP.PA,Société Poivrière du Tricastin SCA,Lebensmittel - Verarbeitung,stock,2025-12-19
882,1997.HK,WH Group Limited,Lebensmittel und Fleischverarbeitung,stock,2025-12-19
883,0QBO.IL,Frutarom Industries Ltd.,Lebensmittel und Getränke,stock,2025-12-19
884,SALM.OL,SalMar ASA,Lebensmittel und Getränke - Fisch und Meeresfrüchte,stock,2025-12-19
885,GJF.OL,Grieg Seafood ASA,Lebensmittel und Getränke - Fischerei und Landwirtschaft,stock,2025-12-19
886,GIS,General Mills; Inc.,Lebensmittel und Getränke - Lebensmittel,stock,2025-12-19
954,JBSS3.SA,JBS S.A.,Nahrungsmittel - Fleischverarbeitung,stock,\N
966,VSC.BE,4SC AG,Pharmazie,stock,\N
895,DHL.DE,Deutsche Post AG,Logistik - Postdienste,stock,2025-12-19
896,NVG.LS,Navigator Company; S.A.,Logistik - Schifffahrt,stock,2025-12-19
897,AIR.PA,Airbus SE,Luft- und Raumfahrt,stock,2025-12-19
898,BA,Boeing Co,Luft- und Raumfahrt,stock,2025-12-19
899,LH,Deutsche Lufthansa AG,Luft- und Raumfahrt - Fluggesellschaft,stock,2025-12-19
900,LHA.DE,Lufthansa AG,Luft- und Raumfahrt - Fluggesellschaft,stock,2025-12-19
901,LUV,Southwest Airlines Co.,Luft- und Raumfahrt - Fluggesellschaft,stock,2025-12-19
902,FACC.VI,FACC AG,Luft- und Raumfahrt - Flugzeugteile,stock,2025-12-19
903,RR.L,Rolls-Royce Holdings plc,Luft- und Raumfahrt - Luftfahrt,stock,2025-12-19
985,CTAA.F,China Tobacco International (HK) Company Limited,Tabak,stock,\N
904,SAF.PA,Safran S.A.,Luft- und Raumfahrt - Luftfahrt,stock,2025-12-19
905,HII,Huntington Ingalls Industries; Inc.,Luft- und Raumfahrt - Schiffsbau,stock,2025-12-19
906,GD,General Dynamics Corporation,Luft- und Raumfahrt - Verteidigung,stock,2025-12-19
907,LDO.MI,Leonardo S.p.A.,Luft- und Raumfahrt - Verteidigung,stock,2025-12-19
908,HO.PA,Thales SA,Luft- und Raumfahrt - Verteidigungselektronik,stock,2025-12-19
909,0QQ2.IL,El Al Israel Airlines Ltd,Luftfahrt,stock,2025-12-19
910,DAL,Delta Air Lines; Inc.,Luftfahrt - Fluggesellschaft,stock,2025-12-19
911,EZJ.L,easyJet plc,Luftfahrt - Fluggesellschaft,stock,2025-12-19
912,IAG.MC,International Consolidated Airlines Group; S.A.,Luftfahrt - Fluggesellschaft,stock,2025-12-19
913,NAS.OL,Norwegian Air Shuttle ASA,Luftfahrt - Fluggesellschaft,stock,2025-12-19
916,NOC,Northrop Grumman Corporation,Luftfahrt und Rüstung,stock,2025-12-19
917,AF.PA,Air France-KLM,Luftverkehr,stock,2025-12-19
918,AAL,American Airlines Group Inc.,Luftverkehr,stock,2025-12-19
920,VMC,Vulcan Materials Company,Materialien - Baustoffe,stock,2025-12-19
921,AVY,Avery Dennison Corporation,Materialien - Etiketten und Verpackungen,stock,2025-12-19
922,SGL.DE,SGL Carbon SE,Materialien - Kohlenstoffprodukte,stock,2025-12-19
923,SEM.LS,Semapa - Sociedade de Investimento e Gestão; SGPS; S.A.,Materialien - Papier und Forstprodukte,stock,2025-12-19
924,SZG.DE,Salzgitter AG,Materialien - Stahlprodukte,stock,2025-12-19
925,SSAB-A.ST,SSAB AB,Materialien - Stahlprodukte,stock,2025-12-19
926,TS,Tenaris SA,Materialien - Stahlprodukte,stock,2025-12-19
927,TKA.DE,Thyssenkrupp AG,Materialien - Stahlprodukte,stock,2025-12-19
868,LINK-USD,Chainlink (Kryptowährung),Kryptowährung - Blockchain,crypto,2025-12-19
869,LTC-USD,Litecoin (Kryptowährung),Kryptowährung - Blockchain,crypto,2025-12-19
842,0267.HK,CITIC Limited,Konglomerat,stock,2025-12-19
843,SPM.MI,Salvatore Ferragamo S.p.A.,Konsumgüter - Bekleidung,stock,2025-12-19
844,HEN.DE,Henkel AG & Co. KGaA,Konsumgüter - Haushalts- und Körperpflegeprodukte,stock,2025-12-19
845,CHD,Church & Dwight Co.; Inc.,Konsumgüter - Haushaltsprodukte,stock,2025-12-19
1013,ATAZF,Atea ASA,Technologie - IT-Infrastruktur,stock,2025-12-19
970,BMY,Bristol Myers Squibb Company,Pharmazie,stock,2025-12-19
971,3P7.F,PAION AG,Pharmazie,stock,2025-12-19
972,0HB2.IL,Teva Pharmaceutical Industries Limited,Pharmazie,stock,2025-12-19
973,BFSA.DE,Biofrontera AG,Pharmazie - Dermatologie,stock,2025-12-19
974,ATE.PA,Altamir SCA,Private Equity - Beteiligungen,stock,2025-12-19
975,7PI.F,Pirelli & C. S.p.A.,Reifen - Automobil,stock,2025-12-19
939,NWS,News Corporation,Medien - Zeitungen; Bücher und Zeitschriften,stock,2025-12-19
940,BSX,Boston Scientific Corporation,Medizintechnik,stock,2025-12-19
941,AFX.DE,Carl Zeiss Meditec AG,Medizintechnik,stock,2025-12-19
942,ISRG,Intuitive Surgical; Inc.,Medizintechnik - Chirurgische Roboter,stock,2025-12-19
943,DHR,Danaher Corporation,Medizintechnik - Diagnostika und Testlösungen,stock,2025-12-19
944,ALGN,Align Technology; Inc.,Medizintechnik - Kieferorthopädie,stock,2025-12-19
945,DRW3.DE,Draegerwerk AG & Co. KGaA,Medizintechnik - Medizinische Ausrüstung,stock,2025-12-19
946,AMBU-B.CO,Ambu A/S,Medizintechnik - Medizinische Geräte,stock,2025-12-19
947,MTD,Mettler-Toledo International Inc.,Messtechnik,stock,2025-12-19
948,AMG,AMG Advanced Metallurgical Group N.V.,Metalle - Metallurgy,stock,2025-12-19
949,ALUA.BA,Aluar Aluminio Argentino S.A.I.C.,Metallurgie - Aluminium,stock,2025-12-19
950,ACX.MC,Acerinox; S.A.,Metallurgie - Edelstahl,stock,2025-12-19
951,MMM,3M Company,Mischkonzern,stock,2025-12-19
952,MONC.MI,Moncler S.p.A.,Mode - Luxus,stock,2025-12-19
953,G14.F,Gucci Group N.V.,Mode - Luxusmode,stock,2025-12-19
955,MKC,McCormick & Company; Incorporated,Nahrungsmittel - Gewürze,stock,2025-12-19
956,K,Kellogg Company,Nahrungsmittel - Lebensmittelprodukte,stock,2025-12-19
957,MDLZ,Mondelez International; Inc.,Nahrungsmittel - Lebensmittelprodukte,stock,2025-12-19
958,NESM.SG,Nestlé S.A.,Nahrungsmittel - Lebensmittelprodukte,stock,2025-12-19
959,KHC,The Kraft Heinz Company,Nahrungsmittel - Lebensmittelprodukte,stock,2025-12-19
960,MCD,McDonald's Corporation,Nahrungsmittel - Restaurants,stock,2025-12-19
961,LW,Lamb Weston Holdings; Inc.,Nahrungsmittel - Tiefkühlkost,stock,2025-12-19
962,BKNG,Booking Holdings Inc.,Online-Reiseagentur,stock,2025-12-19
963,EXPE,Expedia Group; Inc.,Online-Reiseunternehmen,stock,2025-12-19
964,IP,International Paper Company,Papier und Forstprodukte - Verpackung,stock,2025-12-19
965,VTRS,Viatris Inc. (ehemals Mylan N.V.),Pharmazeutika,stock,2025-12-19
967,ABBV,AbbVie Inc.,Pharmazie,stock,2025-12-19
968,ALK,Alkermes plc,Pharmazie,stock,2025-12-19
969,BAYN.DE,Bayer AG,Pharmazie,stock,2025-12-19
1021,ANSS,ANSYS; Inc.,Technologie - Simulationssoftware,stock,\N
1029,NWO.DE,Norwood Systems Limited,Technologie - Softwareentwicklung,stock,\N
846,CL,Colgate-Palmolive Company,Konsumgüter - Haushaltsprodukte,stock,2025-12-19
847,NWL,Newell Brands Inc.,Konsumgüter - Haushaltswaren,stock,2025-12-19
848,PG,Procter & Gamble Co.,Konsumgüter - Haushaltswaren,stock,2025-12-19
849,BEI.DE,Beiersdorf AG,Konsumgüter - Hautpflege,stock,2025-12-19
851,KMB,Kimberly-Clark Corporation,Konsumgüter - Hygieneprodukte,stock,2025-12-19
852,LOR.BE,L'Oreal S.A.,Konsumgüter - Kosmetik,stock,2025-12-19
853,ORK.OL,Orkla ASA,Konsumgüter - Lebensmittel,stock,2025-12-19
854,PEP,PepsiCo; Inc.,Konsumgüter - Lebensmittel,stock,2025-12-19
855,SJM,The J. M. Smucker Company,Konsumgüter - Lebensmittel,stock,2025-12-19
1063,JNPR,Juniper Networks; Inc.,Telekommunikation - Netzwerkausrüstung,stock,\N
856,TSN,Tyson Foods; Inc.,Konsumgüter - Lebensmittel und Fleisch,stock,2025-12-19
857,SY1.DE,Symrise AG,Konsumgüter - Lebensmittel und Getränke,stock,2025-12-19
858,SYY,Sysco Corporation,Konsumgüter - Lebensmittel und Getränke,stock,2025-12-19
859,RDEB.F,Unilever N.V.,Konsumgüter - Lebensmittel und Getränke,stock,2025-12-19
814,ANET,Arista Networks; Inc.,Informationstechnologie - Netzwerklösungen,stock,2025-12-19
815,FFIV,F5 Networks; Inc.,Informationstechnologie - Netzwerklösungen,stock,2025-12-19
816,CSCO,Cisco Systems; Inc.,Informationstechnologie - Netzwerktechnologie,stock,2025-12-19
818,EQIX,Equinix; Inc.,Informationstechnologie - Rechenzentren,stock,2025-12-19
819,AMS.MC,Amadeus IT Group SA,Informationstechnologie - Reisesoftware,stock,2025-12-19
820,CHKP,Check Point Software Technologies Ltd.,Informationstechnologie - Sicherheitssoftware,stock,2025-12-19
821,GOB.SG,GO Beyond SA,Informationstechnologie - Softwareentwicklung,stock,2025-12-19
822,HUBS,HubSpot; Inc.,Informationstechnologie - Softwareentwicklung,stock,2025-12-19
823,IDV1.F,Ideagen Plc,Informationstechnologie - Softwareentwicklung,stock,2025-12-19
824,JKHY,Jack Henry & Associates; Inc.,Informationstechnologie - Softwareentwicklung,stock,2025-12-19
825,U,Unity Software Inc.,Informationstechnologie - Softwareentwicklung,stock,2025-12-19
826,WKL.AS,Wolters Kluwer NV,Informationstechnologie - Softwareentwicklung,stock,2025-12-19
827,WDAY,Workday; Inc.,Informationstechnologie - Softwareentwicklung,stock,2025-12-19
828,ZM,Zoom Video Communications; Inc.,Informationstechnologie - Softwareentwicklung,stock,2025-12-19
829,ZS,Zscaler; Inc.,Informationstechnologie - Softwareentwicklung,stock,2025-12-19
830,HEXA-B.ST,Hexagon AB,Informationstechnologie - Technologiedienstleistungen,stock,2025-12-19
831,1038.HK,CK Infrastructure Holdings Limited,Infrastruktur,stock,2025-12-19
832,ANA.MC,Acciona; S.A.,Infrastruktur - Erneuerbare Energien,stock,2025-12-19
833,TRVG,Trivago NV,Internet - Online-Reisesuche,stock,2025-12-19
1053,SINCH.ST,Sinch AB,Telekommunikation - Drahtlose Kommunikation,stock,2025-12-19
1017,ROP,Roper Technologies; Inc.,Technologie - Mess- und Kontrollinstrumente,stock,2025-12-19
1018,HON,Honeywell International Inc.,Technologie - Mischkonzern,stock,2025-12-19
1019,JEN.DE,Jenoptik AG,Technologie - Optik und Photonik,stock,2025-12-19
1020,8FS.F,First Sensor AG,Technologie - Sensorik,stock,2025-12-19
1022,MOMO,Momo Inc.,Technologie - Social Media,stock,2025-12-19
1023,ADBE,Adobe Inc.,Technologie - Software,stock,2025-12-19
1024,ADSK,Autodesk; Inc.,Technologie - Software,stock,2025-12-19
1025,NICE,NICE Ltd,Technologie - Software,stock,2025-12-19
1026,4QT1.F,QUADIENT S.A.,Technologie - Software,stock,2025-12-19
1027,TEAM,Atlassian Corporation Plc,Technologie - Softwareentwicklung,stock,2025-12-19
1028,MSFT,Microsoft Corporation,Technologie - Softwareentwicklung,stock,2025-12-19
1030,OKL.F,OKTA Inc.,Technologie - Softwareentwicklung,stock,2025-12-19
1031,OMU.L,Oxford Metrics plc,Technologie - Softwareentwicklung,stock,2025-12-19
1032,RAA.DE,Rational AG,Technologie - Softwareentwicklung,stock,2025-12-19
1033,SAP.DE,SAP SE,Technologie - Softwareentwicklung,stock,2025-12-19
1034,SNPS,Synopsys; Inc.,Technologie - Softwareentwicklung,stock,2025-12-19
1035,UBER,Uber Technologies; Inc.,Technologie - Softwareentwicklung,stock,2025-12-19
1036,META,Meta Platforms; Inc.,Technologie - Soziale Medien,stock,2025-12-19
1037,PINS,Pinterest; Inc.,Technologie - Soziale Medien,stock,2025-12-19
1038,STX,Seagate Technology Holdings plc,Technologie - Speichersysteme,stock,2025-12-19
1039,GLW,Corning Incorporated,Technologie - Spezialglas und Keramik,stock,2025-12-19
1040,AXON,Axon Enterprise; Inc.,Technologie - Strafverfolgung; Bodycams,stock,2025-12-19
1041,ROKU,Roku; Inc.,Technologie - Unterhaltungselektronik,stock,2025-12-19
1042,HPE,Hewlett Packard Enterprise Company,Technologie - Unternehmens-IT,stock,2025-12-19
1043,NTNX,Nutanix; Inc.,Technologie - Unternehmenssoftware,stock,2025-12-19
1044,ORCL,Oracle Corporation,Technologie - Unternehmenssoftware,stock,2025-12-19
1045,LHX,L3Harris Technologies; Inc.,Technologie - Verteidigung,stock,2025-12-19
1046,LMT,Lockheed Martin Corporation,Technologie - Verteidigung,stock,2025-12-19
1047,ALTR.LS,Altice Europe N.V.,Telekommunikation,stock,2025-12-19
1048,BTQ.F,BT Group plc,Telekommunikation,stock,2025-12-19
1049,0941.HK,China Mobile Limited,Telekommunikation,stock,2025-12-19
1050,SES.F,SES S.A.,Telekommunikation,stock,2025-12-19
1051,HT8.XA,Harris Corporation,Telekommunikation - Drahtlose Kommunikation,stock,2025-12-19
1052,SBAC,SBA Communications Corporation,Telekommunikation - Drahtlose Kommunikation,stock,2025-12-19
834,TRIP,TripAdvisor; Inc.,Internet - Reisebüros,stock,2025-12-19
835,GOOGL,Alphabet Inc. (Class A),Internetdienste - Internetdienste,stock,2025-12-19
836,GOOG,Alphabet Inc. (Class C),Internetdienste - Internetdienste,stock,2025-12-19
837,IRM,Iron Mountain Incorporated,IT - Datenverwaltung,stock,2025-12-19
838,ITW.MI,IT WAY SPA,IT - IT-Dienstleistungen,stock,2025-12-19
839,VZ,Verizon Communications Inc.,Kommunikation - Telekommunikationsdienste,stock,2025-12-19
840,VOD.L,Vodafone Group Plc,Kommunikation - Telekommunikationsdienste,stock,2025-12-19
758,UAL,United Airlines Holdings; Inc.,Industrie - Luftfahrt,stock,2025-12-19
759,SKF-B.ST,AB SKF,Industrie - Maschinenbau,stock,2025-12-19
760,AA9.BE,Alfa Laval AB,Industrie - Maschinenbau,stock,2025-12-19
761,ANDR.VI,ANDRITZ AG,Industrie - Maschinenbau,stock,2025-12-19
762,ATCO-B.ST,Atlas Copco AB,Industrie - Maschinenbau,stock,2025-12-19
763,EVK.DE,Aumann AG,Industrie - Maschinenbau,stock,2025-12-19
764,CMI,Cummins Inc.,Industrie - Maschinenbau,stock,2025-12-19
765,DUE.DE,Duerr AG,Industrie - Maschinenbau,stock,2025-12-19
766,G1A.DE,Gea Group AG,Industrie - Maschinenbau,stock,2025-12-19
767,PH,Parker-Hannifin Corporation,Industrie - Maschinenbau,stock,2025-12-19
768,PFV.DE,Pfeiffer Vacuum Technology AG,Industrie - Maschinenbau,stock,2025-12-19
769,TPE.DE,PVA TePla AG,Industrie - Maschinenbau,stock,2025-12-19
770,SAND.ST,Sandvik AB,Industrie - Maschinenbau,stock,2025-12-19
772,SNA,Snap-on Incorporated,Industrie - Maschinenbau,stock,2025-12-19
773,SPX.L,Spirax-Sarco Engineering plc,Industrie - Maschinenbau,stock,2025-12-19
774,SUY1.F,Sulzer AG,Industrie - Maschinenbau,stock,2025-12-19
775,0QIW.IL,Valmet Oyj,Industrie - Maschinenbau,stock,2025-12-19
776,0QN2.L,Interroll Holding AG,Industrie - Materialflusssysteme,stock,2025-12-19
777,FTV,Fortive Corporation,Industrie - Mess- und Regeltechnik,stock,2025-12-19
778,GE,General Electric Company,Industrie - Mischkonglomerat,stock,2025-12-19
779,LEG,Leggett & Platt; Incorporated,Industrie - Möbelkomponenten,stock,2025-12-19
780,JST.DE,JOST Werke AG,Industrie - Nutzfahrzeugausrüstung,stock,2025-12-19
781,PCAR,PACCAR Inc,Industrie - Nutzfahrzeuge,stock,2025-12-19
782,FLS,Flowserve Corporation,Industrie - Pumpen und Ventile,stock,2025-12-19
783,GRU.F,Grundfos A/S,Industrie - Pumpen und Wasseraufbereitung,stock,2025-12-19
784,ML.PA,Michelin SCA,Industrie - Reifen und Gummiprodukte,stock,2025-12-19
785,KRZ.F,KUKA AG,Industrie - Robotik und Automatisierung,stock,2025-12-19
786,ASSA-B.ST,ASSA ABLOY AB,Industrie - Sicherheitssysteme,stock,2025-12-19
787,KRN.DE,Krones AG,Industrie - Verpackungsmaschinen,stock,2025-12-19
789,SWK,Stanley Black & Decker; Inc.,Industrie - Werkzeuge und Haushaltswaren,stock,2025-12-19
744,STM.DE,Stabilus S.A.,Industrie - Industriegüter und -dienstleistungen,stock,2025-12-19
745,DOV,Dover Corporation,Industrie - Industrielle Ausrüstung,stock,2025-12-19
1094,CNI,CNI SA,Transport - Schienenverkehr,stock,2025-12-19
1095,CSX,CSX Corporation,Transport - Schienenverkehr,stock,2025-12-19
1096,NSC,Norfolk Southern Corporation,Transport - Schienenverkehr,stock,2025-12-19
1097,MAERSK-A.CO,A.P. Moller - Maersk A/S,Transport - Schifffahrt,stock,2025-12-19
1098,MAERSK-B.CO,A.P. Moller - Maersk A/S,Transport - Schifffahrt,stock,2025-12-19
1099,HAG.F,Hapag-Lloyd AG,Transport - Schifffahrt,stock,2025-12-19
1100,ODFL,Old Dominion Freight Line; Inc.,Transport - Straßengüterverkehr,stock,2025-12-19
1101,RSG,Republic Services; Inc.,Umwelt - Abfallwirtschaft,stock,2025-12-19
1102,FLTR.L,Flutter Entertainment plc,Unterhaltung - Glücksspiel,stock,2025-12-19
1103,BILI,Bilibili Inc.,Unterhaltung - Online-Unterhaltung,stock,2025-12-19
1104,NFLX,Netflix; Inc.,Unterhaltung - Streaming,stock,2025-12-19
1105,EA,Electronic Arts Inc.,Unterhaltung - Videospielentwicklung,stock,2025-12-19
1106,0027.HK,Galaxy Entertainment Group Limited,Unterhaltung und Freizeit,stock,2025-12-19
1107,1928.HK,Sands China Ltd,Unterhaltung und Freizeit,stock,2025-12-19
1108,ACN,Accenture plc,Unternehmensberatung; Technologie,stock,2025-12-19
1109,BB.PA,Bureau Veritas SA,Unternehmensdienstleistungen,stock,2025-12-19
1110,CWC.DE,CeWe Stiftung & Co. KGaA,Verbraucherdienste - Fotografie,stock,2025-12-19
1111,SIX2.DE,Sixt SE,Verbraucherdienstleistungen - Autovermietung,stock,2025-12-19
1112,SBUX,Starbucks Corporation,Verbraucherdienstleistungen - Restaurants,stock,2025-12-19
1113,WYNN,Wynn Resorts; Limited,Verbrauchsgüter - Freizeiteinrichtungen,stock,2025-12-19
1114,WING,Wingstop Inc.,Verbrauchsgüter - Restaurants und Bars,stock,2025-12-19
1115,YUM,Yum! Brands; Inc.,Verbrauchsgüter - Restaurants und Bars,stock,2025-12-19
1116,VIS.MC,Viscofan SA,Verbrauchsgüter - Verpackungsprodukte,stock,2025-12-19
1117,AENA.MC,Aena S.M.E.; S.A.,Verkehr - Flughäfen,stock,2025-12-19
1118,ALO.PA,Alstom S.A.,Verkehr - Schienenverkehr,stock,2025-12-19
1119,37C.F,VTG AG,Verkehr - Schienenverkehr,stock,2025-12-19
1120,SKG.L,Smurfit Kappa Group plc,Verpackung - Verpackungsindustrie,stock,2025-12-19
1121,SEE,Sealed Air Corporation,Verpackung und Behälter - Verpackungsprodukte,stock,2025-12-19
1124,BALL,Ball Corporation,Verpackungen - Metallverpackungen,stock,2025-12-19
1090,JBHT,J.B. Hunt Transport Services; Inc.,Transport - Logistikdienstleistungen,stock,2025-12-19
1091,KNCAF,Kuehne + Nagel International AG,Transport - Logistikdienstleistungen,stock,2025-12-19
1092,LSG.OL,LSG Group,Transport - Luftverkehrsdienstleistungen,stock,2025-12-19
1093,FGP.L,FirstGroup plc,Transport - Personenverkehr,stock,2025-12-19
746,ITW,Illinois Tool Works Inc.,Industrie - Industrielle Produktion,stock,2025-12-19
747,IR,Ingersoll Rand Inc.,Industrie - Industrielle Produktion,stock,2025-12-19
748,XYL,Xylem Inc.,Industrie - Industriemaschinen,stock,2025-12-19
1166,STOXX50E,EURO STOXX 50 I,Exchange Traded Fund - Europa,fund,\N
1167,GSPC,S&P 500,Exchange Traded Funds - Nordamerika,fund,\N
1134,0003.HK,The Hong Kong and China Gas Company Limited,Versorgung - Gas,stock,2025-12-19
1135,CWT,California Water Service Group,Versorgung - Wasser- und Abwasserdienstleistungen,stock,2025-12-19
1136,SBSP3.SA,Companhia de Saneamento Básico do Estado de São Paulo (SABESP),Versorgung - Wasser- und Abwasserentsorgung,stock,2025-12-19
1137,PNN.L,Pennon Group Plc,Versorgung - Wasserdienstleistungen,stock,2025-12-19
1138,AWK,American Water Works Company; Inc.,Versorgung - Wasserversorgung,stock,2025-12-19
1139,WEC,WEC Energy Group; Inc.,Versorgungsdienstleistungen - Elektrizität,stock,2025-12-19
1140,XEL,Xcel Energy Inc.,Versorgungsdienstleistungen - Elektrizität,stock,2025-12-19
1141,VPK.AS,Vopak NV,Versorgungsdienstleistungen - Erdöl- und Erdgaslagerung,stock,2025-12-19
1142,WM,Waste Management; Inc.,Versorgungsdienstleistungen - Umwelt- und Recyclingdienste,stock,2025-12-19
1143,UU.L,United Utilities Group PLC,Versorgungsdienstleistungen - Wasserversorgung,stock,2025-12-19
1144,VIE.PA,Veolia Environnement SA,Versorgungsdienstleistungen - Wasserversorgung,stock,2025-12-19
1145,A2A.F,A2A S.p.A.,Versorgungsunternehmen - Energie,stock,2025-12-19
1146,NI,NiSource Inc.,Versorgungsunternehmen - Energie,stock,2025-12-19
1147,SVT.L,Severn Trent Plc,Versorgungsunternehmen - Wasser- und Abwasserversorgung,stock,2025-12-19
1148,0MET.IL,Elbit Systems Ltd,Verteidigung und Luftfahrt,stock,2025-12-19
1149,TTD,The Trade Desk; Inc.,Werbung - Digitales Marketing,stock,2025-12-19
1150,OMC,Omnicom Group Inc.,Werbung - Werbedienstleistungen,stock,2025-12-19
1151,PU4.SG,Publicis Groupe S.A.,Werbung - Werbedienstleistungen,stock,2025-12-19
1152,VOW3.DE,Volkswagen AG,Zyklus und Automobile - Automobile,stock,2025-12-19
1153,TSLA,Tesla; Inc.,Zyklus und Automobile - Automobilhersteller,stock,2025-12-19
1154,TILE,Interface; Inc.,Zyklus und Automobile - Autozubehör,stock,2025-12-19
1155,THULE.ST,Thule Group,Zyklus und Automobile - Autozubehör,stock,2025-12-19
1156,UA,Under Armour; Inc.,Zyklus und Automobile - Bekleidung,stock,2025-12-19
1157,VFC,V.F. Corporation,Zyklus und Automobile - Bekleidung,stock,2025-12-19
1158,TXT,Textron Inc.,Zyklus und Automobile - Flugzeugherstellung,stock,2025-12-19
1159,WHR,Whirlpool Corporation,Zyklus und Automobile - Haushaltswaren,stock,2025-12-19
1160,Z,Zillow Group; Inc.,Zyklus und Automobile - Immobilien,stock,2025-12-19
1161,VOLV-B.ST,Volvo AB,Zyklus und Automobile - Nutzfahrzeuge,stock,2025-12-19
1162,TTWO,Take-Two Interactive Software; Inc.,Zyklus und Automobile - Unterhaltungselektronik,stock,2025-12-19
1163,UBI.PA,Ubisoft Entertainment SA,Zyklus und Automobile - Unterhaltungselektronik,stock,2025-12-19
1164,LISPZ.XC,Chocoladefabriken Lindt & Sprüngli AG,Lebensmittel - Süßwaren,stock,2025-12-19
866,BTC-USD,Bitcoin,Kryptowährung,crypto,2025-12-19
867,ETH-USD,Ethereum (Kryptowährung),Kryptowährung,crypto,2025-12-19
341,XRP-USD,Ripple,Finanzdienstleistungen - Kryptowährung,crypto,2025-12-19
1165,URTH,iShares MSCI World ETF,Exchange Traded Fund - global diversifiert,fund,2025-12-19
1168,EEM,iShares MSCI Emerging Markets,Exchange Traded Fonds - Emerging Markets,fund,2025-12-19
1169,DAX,DAX,Exchange Traded Funds - Deutschland,fund,2025-12-19
788,RHM.DE,Rheinmetall AG,Industrie - Verteidigung und Raumfahrt,stock,2025-12-19
1122,SCA-B.ST,Svenska Cellulosa Aktiebolaget SCA (publ),Verpackung und Behälter - Verpackungsprodukte,stock,2025-12-19
1123,COR.LS,Corticeira Amorim SGPS SA,Verpackungen - Holzverschlüsse,stock,2025-12-19
1125,MMK.VI,Mayr-Melnhof Karton AG,Verpackungsindustrie,stock,2025-12-19
1126,PKG,Packaging Corporation of America,Verpackungsindustrie,stock,2025-12-19
1127,ESL.F,Essel Propack Limited,Verpackungsindustrie - Verpackungslösungen,stock,2025-12-19
1128,NN.AS,NN Group N.V.,Versicherung - Lebensversicherung,stock,2025-12-19
1129,MUV2.DE,Munich Re (Münchener Rückversicherungs-Gesellschaft AG),Versicherung - Rückversicherung,stock,2025-12-19
1130,TRV,The Travelers Companies; Inc.,Versicherungen - Sachversicherung,stock,2025-12-19
1131,TRYG.CO,Tryg A/S,Versicherungen - Sachversicherung,stock,2025-12-19
1132,RAM.LS,REN - Redes Energeticas Nacionais; SGPS; S.A.,Versorgung - Energieversorgung,stock,2025-12-19
1133,RENE.LS,REN - Redes Energeticas Nacionais; SGPS; S.A.,Versorgung - Energieversorgung,stock,2025-12-19
1054,AMT,American Tower Corporation,Telekommunikation - Funkturmvermietung,stock,2025-12-19
1055,CCI,Crown Castle International Corp.,Telekommunikation - Funkturmvermietung,stock,2025-12-19
1056,IJ7.F,1&1 AG,Telekommunikation - Internetdienstanbieter,stock,2025-12-19
1057,UTDI.DE,United Internet AG,Telekommunikation - Internetdienste,stock,2025-12-19
1058,CHTR,Charter Communications; Inc.,Telekommunikation - Kabelnetzbetreiber,stock,2025-12-19
1059,CMCSA,Comcast Corporation,Telekommunikation - Kabelnetzbetreiber,stock,2025-12-19
1060,LBTYA,Liberty Global plc,Telekommunikation - Kabelnetzbetreiber,stock,2025-12-19
1061,ALFA.ST,Millicom International Cellular S.A.,Telekommunikation - Mobilfunk,stock,2025-12-19
749,LATO-B.ST,Latour AB,Industrie - Investmentgesellschaft,stock,2025-12-19
750,AEU.F,Prysmian S.p.A.,Industrie - Kabel und Leitungen,stock,2025-12-19
751,AALB.AS,Aalberts NV,Industrie - Klimakontrolle; Industrieautomatisierung; Wasser- und Gassteuerung,stock,2025-12-19
752,JUN3.DE,Jungheinrich AG,Industrie - Lagertechnik,stock,2025-12-19
753,KGX.DE,Kion Group AG,Industrie - Lagertechnik,stock,2025-12-19
754,DE,Deere & Company,Industrie - Landwirtschaftsmaschinen,stock,2025-12-19
755,POST.VI,Österreichische Post AG,Industrie - Logistik und Kurierdienste,stock,2025-12-19
756,MTX.F,MTU Aero Engines AG,Industrie - Luft- und Raumfahrt,stock,2025-12-19
757,UPS,United Parcel Service; Inc.,Industrie - Luft- und Raumfahrt und Verteidigung,stock,2025-12-19
1062,CLNX.MC,Cellnex Telecom; S.A.,Telekommunikation - Mobilfunkinfrastruktur,stock,2025-12-19
1064,MSI,Motorola Solutions; Inc.,Telekommunikation - Netzwerkausrüstung,stock,2025-12-19
1065,GI6A.F,Gigaset AG,Telekommunikation - Telekommunikationsausrüstung,stock,2025-12-19
1066,ERIC-B.ST,Telefonaktiebolaget LM Ericsson,Telekommunikation - Telekommunikationsausrüstung,stock,2025-12-19
1067,T,AT&T Inc.,Telekommunikation - Telekommunikationsdienste,stock,2025-12-19
1068,DTE,Deutsche Telekom AG,Telekommunikation - Telekommunikationsdienste,stock,2025-12-19
1069,ENC.MC,Ezentis SA,Telekommunikation - Telekommunikationsdienste,stock,2025-12-19
1070,FRE.DE,Freenet AG,Telekommunikation - Telekommunikationsdienste,stock,2025-12-19
1071,KPN.AS,Koninklijke KPN N.V.,Telekommunikation - Telekommunikationsdienste,stock,2025-12-19
1072,NOS.LS,NOS; SGPS S.A.,Telekommunikation - Telekommunikationsdienste,stock,2025-12-19
1073,OIBR4.SA,Oi S.A.,Telekommunikation - Telekommunikationsdienste,stock,2025-12-19
1074,0FBS.IL,Orange Belgium SA,Telekommunikation - Telekommunikationsdienste,stock,2025-12-19
1075,ORA,Orange SA,Telekommunikation - Telekommunikationsdienste,stock,2025-12-19
1076,PHR.LS,Pharol SGPS SA,Telekommunikation - Telekommunikationsdienste,stock,2025-12-19
1077,TMUS,T-Mobile US; Inc.,Telekommunikation - Telekommunikationsdienste,stock,2025-12-19
1078,TEX.F,Tele Columbus AG,Telekommunikation - Telekommunikationsdienste,stock,2025-12-19
1079,TECO2.BA,Telecom Argentina SA,Telekommunikation - Telekommunikationsdienste,stock,2025-12-19
1080,TIT.MI,Telecom Italia SpA,Telekommunikation - Telekommunikationsdienste,stock,2025-12-19
1081,TEF.MC,Telefonica SA,Telekommunikation - Telekommunikationsdienste,stock,2025-12-19
1082,TNU3.F,Telekomunikacja Polska SA,Telekommunikation - Telekommunikationsdienste,stock,2025-12-19
1083,TEL.OL,Telenor ASA,Telekommunikation - Telekommunikationsdienste,stock,2025-12-19
1084,TELIA.ST,Telia Company AB,Telekommunikation - Telekommunikationsdienste,stock,2025-12-19
1085,ECOR3.SA,Ecorodovias Infraestrutura e Logistica SA,Transport - Autobahnbetreiber,stock,2025-12-19
1086,COME.BA,Corporacion America Airports SA,Transport - Flughäfen,stock,2025-12-19
1087,HHFA.DE,Hamburger Hafen und Logistik AG,Transport - Hafenbetreiber,stock,2025-12-19
1088,GRPTF,Getlink SE,Transport - Infrastruktur,stock,2025-12-19
1089,BOL.PA,Bollore SA,Transport - Logistik und Energiespeicherung,stock,2025-12-19
1011,TCEHY,Tencent Holdings Limited,Technologie - Internetdienste,stock,2025-12-19
1012,IBM,International Business Machines Corporation,Technologie - IT-Dienstleistungen,stock,2025-12-19
1014,PANW,Palo Alto Networks; Inc.,Technologie - IT-Sicherheit,stock,2025-12-19
1015,NOHA.F,Nokia Oyj,Technologie - Kommunikationsausrüstung,stock,2025-12-19
1016,DHER.DE,Delivery Hero SE,Technologie - Lebensmittel-Onlineplattform,stock,2025-12-19
976,PHBA.F,Polyus Gold International Limited,Rohstoffe - Gold,stock,2025-12-19
977,NEF.F,Nemetschek SE,Software - CAD und BIM,stock,2025-12-19
978,CRM,Salesforce.com; Inc.,Software - Cloud-Computing und -Services,stock,2025-12-19
979,DOCU,DocuSign; Inc.,Software - Elektronische Signaturen,stock,2025-12-19
980,BL,BlackLine; Inc.,Software - Finanzautomatisierung,stock,2025-12-19
981,INTU,Intuit Inc.,Software - Finanzsoftware,stock,2025-12-19
982,BVB.DE,Borussia Dortmund GmbH & Co. KGaA,Sport - Fußballclub,stock,2025-12-19
983,MO,Altria Group; Inc.,Tabak,stock,2025-12-19
984,BATS.L,British American Tobacco p.l.c.,Tabak,stock,2025-12-19
986,DDD,3D Systems Corporation,Technologie - 3D-Druck,stock,2025-12-19
987,HP,HP Inc.,Technologie - Computer und Drucker,stock,2025-12-19
988,LOGI,Logitech International S.A.,Technologie - Computerzubehör,stock,2025-12-19
989,MDB,MongoDB; Inc.,Technologie - Datenbanksoftware,stock,2025-12-19
990,NTAP,NetApp; Inc.,Technologie - Datenmanagement,stock,2025-12-19
991,PTON,Peloton Interactive; Inc.,Technologie - E-Commerce,stock,2025-12-19
992,2018.HK,AAC Technologies Holdings Inc.,Technologie - Elektronik,stock,2025-12-19
993,SEJ1.F,Seiko Epson Corporation,Technologie - Elektronik,stock,2025-12-19
994,AAPL,Apple Inc.,Technologie - Elektronik; Software,stock,2025-12-19
995,KEYS,Keysight Technologies; Inc.,Technologie - Elektroniktest- und -messlösungen,stock,2025-12-19
996,AIXA.DE,AIXTRON SE,Technologie - Halbleiter,stock,2025-12-19
997,MCHP,Microchip Technology Incorporated,Technologie - Halbleiter,stock,2025-12-19
998,MIPS.ST,MIPS AB,Technologie - Halbleiter,stock,2025-12-19
999,WAF.DE,Siltronic AG,Technologie - Halbleiter,stock,2025-12-19
1000,SWKS,Skyworks Solutions; Inc.,Technologie - Halbleiter,stock,2025-12-19
1001,0QQ3.IL,Tower Semiconductor Ltd.,Technologie - Halbleiter,stock,2025-12-19
1002,SZU.DE,Suess Microtec SE,Technologie - Halbleiterausrüstung,stock,2025-12-19
1003,QRVO,Qorvo; Inc.,Technologie - Halbleiterindustrie,stock,2025-12-19
1004,QCOM,Qualcomm Incorporated,Technologie - Halbleiterindustrie,stock,2025-12-19
1005,AZZ2.MU,Addtech AB,Technologie - Industrieausrüstung,stock,2025-12-19
1006,AKAM,Akamai Technologies; Inc.,Technologie - Internetdienste,stock,2025-12-19
1007,BIDU,Baidu; Inc.,Technologie - Internetdienste,stock,2025-12-19
1008,NTES,NetEase; Inc.,Technologie - Internetdienste,stock,2025-12-19
1009,RMV.L,Rightmove plc,Technologie - Internetdienste,stock,2025-12-19
1010,SE,Sea Limited,Technologie - Internetdienste,stock,2025-12-19
870,UNI-USD,Uniswap,Kryptowährung - Dezentralisierte Finanzen,crypto,2025-12-19
928,USIM5.SA,Usinas Siderurgicas de Minas Gerais SA,Materialien - Stahlprodukte,stock,2025-12-19
930,FOX,Fox Corporation,Medien - Film und Fernsehen,stock,2025-12-19
931,IQ,IQIYI Inc.,Medien - Online-Unterhaltung,stock,2025-12-19
932,PSM.DE,ProSiebenSat.1 Media SE,Medien - Rundfunk und Unterhaltung,stock,2025-12-19
933,RRTL.DE,RTL Group S.A.,Medien - Rundfunk und Unterhaltung,stock,2025-12-19
934,SIRI,Sirius XM Holdings Inc.,Medien - Rundfunk und Unterhaltung,stock,2025-12-19
935,VIV.PA,Vivendi SE,Medien - Rundfunk- und Fernsehsender,stock,2025-12-19
936,DIS,The Walt Disney Company,Medien - Unterhaltung,stock,2025-12-19
937,REN.AS,Relx PLC,Medien - Verlagswesen,stock,2025-12-19
672,TLG.HM,TLG Immobilien AG,Immobilien - Büroimmobilien,stock,2025-12-19
673,CSGP,CoStar Group; Inc.,Immobilien - Daten und Analysen,stock,2025-12-19
674,DLR,Digital Realty Trust; Inc.,Immobilien - Datenzentren,stock,2025-12-19
675,REG,Regency Centers Corporation,Immobilien - Einzelhandel,stock,2025-12-19
677,VNO,Vornado Realty Trust,Immobilien - Einzelhandelimmobilien,stock,2025-12-19
678,FRT,Federal Realty Investment Trust,Immobilien - Einzelhandelsimmobilien,stock,2025-12-19
679,KIM,Kimco Realty Corporation,Immobilien - Einzelhandelsimmobilien,stock,2025-12-19
680,MAC,Macerich Company,Immobilien - Einzelhandelsimmobilien,stock,2025-12-19
681,MRL.MC,Merlin Properties SOCIMI; S.A.,Immobilien - Einzelhandelsimmobilien,stock,2025-12-19
682,SPG,Simon Property Group; Inc.,Immobilien - Einzelhandelsimmobilien,stock,2025-12-19
684,MULT3.SA,Multiplan Empreendimentos Imobiliários S.A.,Immobilien - Entwicklung und Verwaltung,stock,2025-12-19
685,NUVA.DE,Noratis AG,Immobilien - Entwicklung und Verwaltung,stock,2025-12-19
687,VTR,Ventas; Inc.,Immobilien - Gesundheitswesenimmobilien,stock,2025-12-19
688,WELL,Welltower Inc.,Immobilien - Gesundheitswesenimmobilien,stock,2025-12-19
689,BXP,Boston Properties; Inc.,Immobilien - Gewerbeimmobilien,stock,2025-12-19
690,CAI.VI,CA Immobilien Anlagen AG,Immobilien - Gewerbeimmobilien,stock,2025-12-19
691,CAST.ST,Castellum AB,Immobilien - Gewerbeimmobilien,stock,2025-12-19
692,CBRE,CBRE Group; Inc.,Immobilien - Gewerbeimmobilien,stock,2025-12-19
693,COV.PA,Covivio SA,Immobilien - Gewerbeimmobilien,stock,2025-12-19
694,DOC.VI,De Raj Group AG,Immobilien - Gewerbeimmobilien,stock,2025-12-19
696,GFC.PA,Gecina SA,Immobilien - Gewerbeimmobilien,stock,2025-12-19
697,COL.MC,Inmobiliaria Colonial SOCIMI SA,Immobilien - Gewerbeimmobilien,stock,2025-12-19
698,LAND.L,Land Securities Group plc,Immobilien - Gewerbeimmobilien,stock,2025-12-19
699,WY,Weyerhaeuser Company,Immobilien - Holz und Zellstoff,stock,2025-12-19
700,HST,Host Hotels & Resorts; Inc.,Immobilien - Hotelimmobilien,stock,2025-12-19
702,REY.MI,Reyer Venezia Mestre,Immobilien - Immobiliendienstleistungen,stock,2025-12-19
703,IY4.F,Immobilière Dassault SA,Immobilien - Immobilienentwicklung,stock,2025-12-19
705,INH.DE,Instone Real Estate Group AG,Immobilien - Immobilienentwicklung,stock,2025-12-19
706,SK3.F,SK3 Group AB,Immobilien - Immobilienentwicklung,stock,2025-12-19
707,PLD,Prologis; Inc.,Immobilien - Lagerung und Logistik,stock,2025-12-19
708,PSA,Public Storage,Immobilien - Lagerung und Logistik,stock,2025-12-19
709,O,Realty Income Corporation,Immobilien - Real Estate Investment Trusts,stock,2025-12-19
665,3IC.F,ICADE S.A.,Immobilien,stock,2025-12-19
666,0017.HK,New World Development Company Limited,Immobilien,stock,2025-12-19
667,0083.HK,Sino Land Company Limited,Immobilien,stock,2025-12-19
668,0016.HK,Sun Hung Kai Properties Limited,Immobilien,stock,2025-12-19
669,ENXB.F,Nexity SA,Immobilien - Bau und Entwicklung,stock,2025-12-19
671,SLG,SL Green Realty Corp,Immobilien - Büroimmobilien,stock,2025-12-19
590,SNL.XC,Smith & Nephew plc,Gesundheitswesen - Medizintechnik,stock,2025-12-19
591,STAA,STAAR Surgical Company,Gesundheitswesen - Medizintechnik,stock,2025-12-19
592,SYK,Stryker Corporation,Gesundheitswesen - Medizintechnik,stock,2025-12-19
593,TFX,Teleflex Incorporated,Gesundheitswesen - Medizintechnik,stock,2025-12-19
594,TMO,Thermo Fisher Scientific Inc.,Gesundheitswesen - Medizintechnik,stock,2025-12-19
595,WAT,Waters Corporation,Gesundheitswesen - Medizintechnik,stock,2025-12-19
596,ZBH,Zimmer Biomet Holdings; Inc.,Gesundheitswesen - Medizintechnik,stock,2025-12-19
597,ERCG.F,EssilorLuxottica SA,Gesundheitswesen - Optik und Brillen,stock,2025-12-19
598,CAH,Cardinal Health; Inc.,Gesundheitswesen - Pharma und Gesundheitsprodukte,stock,2025-12-19
599,MCK,McKesson Corporation,Gesundheitswesen - Pharmagroßhandel,stock,2025-12-19
600,AZN,AstraZeneca plc,Gesundheitswesen - Pharmazeutika,stock,2025-12-19
601,LLY,Eli Lilly and Company,Gesundheitswesen - Pharmazeutika,stock,2025-12-19
602,GL9.F,Galenica AG,Gesundheitswesen - Pharmazeutika,stock,2025-12-19
603,HIK.L,Hikma Pharmaceuticals plc,Gesundheitswesen - Pharmazeutika,stock,2025-12-19
604,IPN.PA,Ipsen S.A.,Gesundheitswesen - Pharmazeutika,stock,2025-12-19
605,JNJ,Johnson & Johnson,Gesundheitswesen - Pharmazeutika,stock,2025-12-19
606,MRK,Merck & Co.; Inc.,Gesundheitswesen - Pharmazeutika,stock,2025-12-19
607,NVO,Novo Nordisk A/S,Gesundheitswesen - Pharmazeutika,stock,2025-12-19
608,ORXOY,Orexo AB,Gesundheitswesen - Pharmazeutika,stock,2025-12-19
609,0M2O.IL,Orion Oyj,Gesundheitswesen - Pharmazeutika,stock,2025-12-19
610,PRGO,Perrigo Company plc,Gesundheitswesen - Pharmazeutika,stock,2025-12-19
611,PFE,Pfizer Inc.,Gesundheitswesen - Pharmazeutika,stock,2025-12-19
612,PIRC.MI,Pierrel S.p.A.,Gesundheitswesen - Pharmazeutika,stock,2025-12-19
613,REC.MI,Recordati S.p.A.,Gesundheitswesen - Pharmazeutika,stock,2025-12-19
614,RO41.F,Roche Holding AG,Gesundheitswesen - Pharmazeutika,stock,2025-12-19
615,SKNB.F,Sanofi SA,Gesundheitswesen - Pharmazeutika,stock,2025-12-19
616,SOBI.ST,Swedish Orphan Biovitrum AB,Gesundheitswesen - Pharmazeutika,stock,2025-12-19
617,1093.HK,CSPC Pharmaceutical Group Limited,Gesundheitswesen - Pharmazie,stock,2025-12-19
618,DMP.DE,Dermapharm Holding SE,Gesundheitswesen - Pharmazie,stock,2025-12-19
619,TDOC,Teladoc Health; Inc.,Gesundheitswesen - Telemedizin,stock,2025-12-19
620,STZ,Constellation Brands; Inc.,Getränke - Alkoholische Getränke,stock,2025-12-19
621,ABI.BR,Anheuser-Busch InBev SA/NV,Getränke - Bier,stock,2025-12-19
622,CARL-B.CO,Carlsberg A/S,Getränke - Bier,stock,2025-12-19
623,TAP,Molson Coors Beverage Company,Getränke - Bier,stock,2025-12-19
624,HEIA.AS,Heineken N.V.,Getränke - Brauereien,stock,2025-12-19
625,CCH.L,Coca-Cola HBC AG,Getränke - Erfrischungsgetränke,stock,2025-12-19
626,MNST,Monster Beverage Corporation,Getränke - Erfrischungsgetränke,stock,2025-12-19
627,KDP,Keurig Dr Pepper Inc.,Getränke - Softdrinks,stock,2025-12-19
628,KO,The Coca-Cola Company,Getränke - Softdrinks,stock,2025-12-19
549,DVA,DaVita Inc.,Gesundheitswesen - Dialyse,stock,2025-12-19
550,IQV,IQVIA Holdings Inc.,Gesundheitswesen - Forschung und Entwicklung,stock,2025-12-19
552,PER.F,Premier; Inc.,Gesundheitswesen - Gesundheitsdienste,stock,2025-12-19
553,UHS,Universal Health Services; Inc.,Gesundheitswesen - Gesundheitsdienste,stock,2025-12-19
587,MDT,Medtronic plc,Gesundheitswesen - Medizintechnik,stock,2025-12-19
588,PKN.SG,PerkinElmer; Inc.,Gesundheitswesen - Medizintechnik,stock,2025-12-19
589,SNM.F,Siemens Healthineers AG,Gesundheitswesen - Medizintechnik,stock,2025-12-19
513,IBS.LS,Ibersol; SGPS; S.A.,Gastgewerbe - Restaurants,stock,2025-12-19
514,ABNB,Airbnb; Inc.,Gastgewerbe - Unterkunftsvermittlung,stock,2025-12-19
515,DRI,Darden Restaurants; Inc.,Gastronomie - Restaurants,stock,2025-12-19
516,CMG,Chipotle Mexican Grill; Inc.,Gastronomie - Schnellrestaurantkette,stock,2025-12-19
517,LRC.F,Lassila & Tikanoja Oyj,Geschäftsdienstleistungen - Abfallwirtschaft,stock,2025-12-19
518,LOOMIS.ST,Loomis AB,Geschäftsdienstleistungen - Bargeldmanagement,stock,2025-12-19
519,UPWK,Upwork Inc.,Geschäftsdienstleistungen - Berufsdienstleistungen,stock,2025-12-19
520,ISS.CO,ISS A/S,Geschäftsdienstleistungen - Facility Management,stock,2025-12-19
521,RTO.L,Rentokil Initial plc,Geschäftsdienstleistungen - Facility Services,stock,2025-12-19
522,RTO1.F,Rentokil Initial plc,Geschäftsdienstleistungen - Facility Services,stock,2025-12-19
523,ROL,Rollins; Inc.,Geschäftsdienstleistungen - Facility Services,stock,2025-12-19
524,PAYX,Paychex; Inc.,Geschäftsdienstleistungen - Personalmanagement,stock,2025-12-19
525,RRU.F,Randstad N.V.,Geschäftsdienstleistungen - Personalmanagement,stock,2025-12-19
526,SGE.SG,SGS SA,Geschäftsdienstleistungen - Prüfung und Testen,stock,2025-12-19
527,SECU-B.ST,Securitas AB,Geschäftsdienstleistungen - Sicherheitsdienste,stock,2025-12-19
528,CVS,CVS Health Corporation,Gesundheitswesen - Apotheken,stock,2025-12-19
529,RADL3.SA,Raia Drogasil S.A.,Gesundheitswesen - Apotheken,stock,2025-12-19
530,GILD,Gilead Sciences; Inc.,Gesundheitswesen - Biopharmazeutika,stock,2025-12-19
531,GRF.MC,Grifols; S.A.,Gesundheitswesen - Biopharmazeutika,stock,2025-12-19
532,HRZA.F,Horizon Therapeutics plc,Gesundheitswesen - Biopharmazeutika,stock,2025-12-19
533,EDIT,Editas Medicine; Inc.,Gesundheitswesen - Biotechnologie,stock,2025-12-19
534,EVT.DE,EVOTEC AG,Gesundheitswesen - Biotechnologie,stock,2025-12-19
535,E7V.F,Evotec SE,Gesundheitswesen - Biotechnologie,stock,2025-12-19
536,GMAB.CO,Genmab A/S,Gesundheitswesen - Biotechnologie,stock,2025-12-19
537,0O26.IL,OPKO Health; Inc.,Gesundheitswesen - Biotechnologie,stock,2025-12-19
538,PRX.AS,Pharming Group N.V.,Gesundheitswesen - Biotechnologie,stock,2025-12-19
539,QIA.DE,Qiagen N.V.,Gesundheitswesen - Biotechnologie,stock,2025-12-19
540,REGN,Regeneron Pharmaceuticals; Inc.,Gesundheitswesen - Biotechnologie,stock,2025-12-19
541,RGEN,Repligen Corporation,Gesundheitswesen - Biotechnologie,stock,2025-12-19
542,SRT.DE,Sartorius AG,Gesundheitswesen - Biotechnologie,stock,2025-12-19
543,VRTX,Vertex Pharmaceuticals Incorporated,Gesundheitswesen - Biotechnologie,stock,2025-12-19
544,VITR.ST,Vitrolife AB,Gesundheitswesen - Biotechnologie,stock,2025-12-19
545,BIH.F,Biohit Oyj,Gesundheitswesen - Diagnose,stock,2025-12-19
546,DIA.MI,Diasorin S.p.A.,Gesundheitswesen - Diagnoseprodukte,stock,2025-12-19
547,IDXX,IDEXX Laboratories; Inc.,Gesundheitswesen - Diagnostika,stock,2025-12-19
548,DGX,Quest Diagnostics Incorporated,Gesundheitswesen - Diagnostiklabor,stock,2025-12-19
468,AIZ,Assicurazioni Generali S.p.A.,Finanzen - Versicherung,stock,2025-12-19
469,AV.L,Aviva plc,Finanzen - Versicherung,stock,2025-12-19
470,CS.PA,AXA SA,Finanzen - Versicherung,stock,2025-12-19
471,EFC1.BE,Baloise Holding AG,Finanzen - Versicherung,stock,2025-12-19
472,BBSE3.SA,BB Seguridade Participacoes SA,Finanzen - Versicherung,stock,2025-12-19
473,BEZ.L,Beazley plc,Finanzen - Versicherung,stock,2025-12-19
474,2628.HK,China Life Insurance Company Limited,Finanzen - Versicherung,stock,2025-12-19
475,CB,Chubb Limited,Finanzen - Versicherung,stock,2025-12-19
476,CINF,Cincinnati Financial Corporation,Finanzen - Versicherung,stock,2025-12-19
477,CENB.F,CNP Assurances SA,Finanzen - Versicherung,stock,2025-12-19
478,ENX.PA,Euler Hermes Group SA,Finanzen - Versicherung,stock,2025-12-19
479,GSF.OL,Gjensidige Forsikring ASA,Finanzen - Versicherung,stock,2025-12-19
480,LNC,Lincoln National Corporation,Finanzen - Versicherung,stock,2025-12-19
438,SCHW,The Charles Schwab Corporation,Finanzen - Finanzdienstleistungen,stock,2025-12-19
439,ITSA4.SA,Itaúsa - Investimentos Itaú S.A.,Finanzen - Holdinggesellschaft,stock,2025-12-19
440,KBC.VI,KBC Ancora SCA,Finanzen - Holdinggesellschaft,stock,2025-12-19
441,JEF,Jefferies Financial Group Inc.,Finanzen - Investmentbanken,stock,2025-12-19
442,MS,Morgan Stanley,Finanzen - Investmentbanken,stock,2025-12-19
443,BSP.F,Berenberg European Small Cap Fd,Finanzen - Investmentfonds,stock,2025-12-19
444,IVZ,Invesco Ltd.,Finanzen - Investmentfonds,stock,2025-12-19
445,JUP.L,Jupiter Fund Management plc,Finanzen - Investmentfonds,stock,2025-12-19
446,SMT.L,Scottish Mortgage Investment Trust PLC,Finanzen - Investmentfonds,stock,2025-12-19
448,III.L,3i Group plc,Finanzen - Private Equity,stock,2025-12-19
449,MCO,Moody's Corporation,Finanzen - Ratingagentur,stock,2025-12-19
450,AMP,Ameriprise Financial; Inc.,Finanzen - Vermögensverwaltung,stock,2025-12-19
451,AMUN.PA,Amundi SA,Finanzen - Vermögensverwaltung,stock,2025-12-19
452,AZM.MI,Azimut Holding S.p.A.,Finanzen - Vermögensverwaltung,stock,2025-12-19
453,DWS.DE,DWS Group GmbH & Co. KGaA,Finanzen - Vermögensverwaltung,stock,2025-12-19
454,BEN,Franklin Resources; Inc.,Finanzen - Vermögensverwaltung,stock,2025-12-19
455,NTRS,Northern Trust Corporation,Finanzen - Vermögensverwaltung,stock,2025-12-19
456,PVQ.F,Perpetual Ltd,Finanzen - Vermögensverwaltung,stock,2025-12-19
457,SDR.L,Schroders plc,Finanzen - Vermögensverwaltung,stock,2025-12-19
458,STJ.L,St. James's Place plc,Finanzen - Vermögensverwaltung,stock,2025-12-19
459,APAM.AS,a.s.r. Nederland NV,Finanzen - Versicherung,stock,2025-12-19
460,AFL,Aflac Incorporated,Finanzen - Versicherung,stock,2025-12-19
461,AGS.BR,Ageas S.A.,Finanzen - Versicherung,stock,2025-12-19
462,1299.HK,AIA Group Limited,Finanzen - Versicherung,stock,2025-12-19
463,ALV.DE,Allianz SE,Finanzen - Versicherung,stock,2025-12-19
464,ALL,Allstate Corporation,Finanzen - Versicherung,stock,2025-12-19
465,AIG,American International Group; Inc.,Finanzen - Versicherung,stock,2025-12-19
466,AJG,Arthur J. Gallagher & Co.,Finanzen - Versicherung,stock,2025-12-19
467,ASRNL.AS,ASR Nederland N.V.,Finanzen - Versicherung,stock,2025-12-19
384,CBG.L,Close Brothers Group plc,Finanzen - Banken,stock,2025-12-19
385,CMAB.F,Comdirect Bank AG,Finanzen - Banken,stock,2025-12-19
386,CMA,Comerica Incorporated,Finanzen - Banken,stock,2025-12-19
387,CBK.DE,Commerzbank AG,Finanzen - Banken,stock,2025-12-19
388,ACA.PA,Crédit Agricole S.A.,Finanzen - Banken,stock,2025-12-19
389,DANSKE.CO,Danske Bank A/S,Finanzen - Banken,stock,2025-12-19
390,DBK.DE,Deutsche Bank AG,Finanzen - Banken,stock,2025-12-19
391,PBB.DE,Deutsche Pfandbriefbank AG,Finanzen - Banken,stock,2025-12-19
392,EDW.F,Erste Group Bank AG,Finanzen - Banken,stock,2025-12-19
393,FMNB.F,Farmers National Banc Corp,Finanzen - Banken,stock,2025-12-19
394,FITB,Fifth Third Bancorp,Finanzen - Banken,stock,2025-12-19
395,FBK.MI,FinecoBank Banca Fineco S.p.A.,Finanzen - Banken,stock,2025-12-19
396,FRCB,First Republic Bank,Finanzen - Banken,stock,2025-12-19
397,GGAL.BA,Grupo Financiero Galicia S.A.,Finanzen - Banken,stock,2025-12-19
352,EDEN.PA,Edenred SA,Finanzdienstleistungen - Zahlungslösungen,stock,2025-12-19
353,GPN,Global Payments Inc.,Finanzdienstleistungen - Zahlungsverarbeitung,stock,2025-12-19
354,NEXI.MI,Nexi S.p.A.,Finanzdienstleistungen - Zahlungsverkehr,stock,2025-12-19
355,V,Visa Inc.,Finanzdienstleistungen - Zahlungsverkehr,stock,2025-12-19
356,0011.HK,Hang Seng Bank Ltd,Finanzen,stock,2025-12-19
357,MOV.F,Aareal Bank AG,Finanzen - Banken,stock,2025-12-19
358,ABN.AS,ABN AMRO Group N.V.,Finanzen - Banken,stock,2025-12-19
359,BMPS.MI,Banca Monte dei Paschi di Siena S.p.A.,Finanzen - Banken,stock,2025-12-19
360,BBVA.MC,Banco Bilbao Vizcaya Argentaria SA,Finanzen - Banken,stock,2025-12-19
361,BPE.MI,Banco BPM S.p.A.,Finanzen - Banken,stock,2025-12-19
362,BBDC3.SA,Banco Bradesco SA,Finanzen - Banken,stock,2025-12-19
363,BCP.LS,Banco Comercial Portugues SA,Finanzen - Banken,stock,2025-12-19
364,SAB.MC,Banco de Sabadell; S.A.,Finanzen - Banken,stock,2025-12-19
365,BBAS3.SA,Banco do Brasil SA,Finanzen - Banken,stock,2025-12-19
366,BMA.BA,Banco Macro SA,Finanzen - Banken,stock,2025-12-19
367,0RUG.IL,Bank Hapoalim B.M.,Finanzen - Banken,stock,2025-12-19
368,BLMIF,Bank Leumi Le-Israel B.M.,Finanzen - Banken,stock,2025-12-19
369,BAC,Bank of America Corporation,Finanzen - Banken,stock,2025-12-19
370,BKCYF,Bank of Cyprus Holdings Public Limited Company,Finanzen - Banken,stock,2025-12-19
371,BIRG.L,Bank of Ireland Group plc,Finanzen - Banken,stock,2025-12-19
372,BK,Bank of New York Mellon Corporation,Finanzen - Banken,stock,2025-12-19
373,BARC.L,Barclays PLC,Finanzen - Banken,stock,2025-12-19
374,BG.VI,BAWAG Group AG,Finanzen - Banken,stock,2025-12-19
376,BNF.SG,BNP Paribas Fortis SA/NV,Finanzen - Banken,stock,2025-12-19
377,BNP.PA,BNP Paribas SA,Finanzen - Banken,stock,2025-12-19
378,2388.HK,BOC Hong Kong (Holdings) Limited,Finanzen - Banken,stock,2025-12-19
379,BGN.MI,BPER Banca S.p.A.,Finanzen - Banken,stock,2025-12-19
380,CABK.MC,CaixaBank SA,Finanzen - Banken,stock,2025-12-19
381,COF,Capital One Financial Corporation,Finanzen - Banken,stock,2025-12-19
382,C,Citigroup Inc.,Finanzen - Banken,stock,2025-12-19
383,CFG,Citizens Financial Group; Inc.,Finanzen - Banken,stock,2025-12-19
